DatGeracaoConjuntoDados;DscOrigem;NomTipoUsina;NomSubTipoUsina;QtdUsinaTermeletrica;MdaPotenciaInstaladaKW;MesReferencia;AnoReferencia
2023-07-01;Biomassa;Agroindustriais;Bagaço de Cana de Açúcar;359;8125583,70;12;2012
2023-07-01;Biomassa;Agroindustriais;Bagaço de Cana de Açúcar;381;9358566,00;12;2013
2023-07-01;Biomassa;Agroindustriais;Bagaço de Cana de Açúcar;387;9880703,00;12;2014
2023-07-01;Biomassa;Agroindustriais;Bagaço de Cana de Açúcar;394;10531820,20;12;2015
2023-07-01;Biomassa;Agroindustriais;Bagaço de Cana de Açúcar;398;10897104,20;12;2016
2023-07-01;Biomassa;Agroindustriais;Bagaço de Cana de Açúcar;349;7271587,70;3 ;2012
2023-07-01;Biomassa;Agroindustriais;Bagaço de Cana de Açúcar;367;8532611,70;3 ;2013
2023-07-01;Biomassa;Agroindustriais;Bagaço de Cana de Açúcar;378;9339425,70;3 ;2014
2023-07-01;Biomassa;Agroindustriais;Bagaço de Cana de Açúcar;387;9933550,20;3 ;2015
2023-07-01;Biomassa;Agroindustriais;Bagaço de Cana de Açúcar;394;10594460,00;3 ;2016
2023-07-01;Biomassa;Agroindustriais;Bagaço de Cana de Açúcar;399;10909920,20;3 ;2017
2023-07-01;Biomassa;Agroindustriais;Bagaço de Cana de Açúcar;353;7618287,70;6 ;2012
2023-07-01;Biomassa;Agroindustriais;Bagaço de Cana de Açúcar;370;8926911,70;6 ;2013
2023-07-01;Biomassa;Agroindustriais;Bagaço de Cana de Açúcar;378;9390071,00;6 ;2014
2023-07-01;Biomassa;Agroindustriais;Bagaço de Cana de Açúcar;391;10295950,20;6 ;2015
2023-07-01;Biomassa;Agroindustriais;Bagaço de Cana de Açúcar;392;10661760,20;6 ;2016
2023-07-01;Biomassa;Agroindustriais;Bagaço de Cana de Açúcar;358;8027644,00;9 ;2012
2023-07-01;Biomassa;Agroindustriais;Bagaço de Cana de Açúcar;374;9154935,70;9 ;2013
2023-07-01;Biomassa;Agroindustriais;Bagaço de Cana de Açúcar;384;9778071,00;9 ;2014
2023-07-01;Biomassa;Agroindustriais;Bagaço de Cana de Açúcar;390;10436420,20;9 ;2015
2023-07-01;Biomassa;Agroindustriais;Bagaço de Cana de Açúcar;396;10771760,20;9 ;2016
2023-07-01;Biomassa;Agroindustriais;Biogas - AGR;19;79000,00;12;2012
2023-07-01;Biomassa;Agroindustriais;Biogas - AGR;23;79626,00;12;2013
2023-07-01;Biomassa;Agroindustriais;Biogas - AGR;2;1722,00;12;2014
2023-07-01;Biomassa;Agroindustriais;Biogas - AGR;2;1722,00;12;2015
2023-07-01;Biomassa;Agroindustriais;Biogas - AGR;19;77308,00;3 ;2012
2023-07-01;Biomassa;Agroindustriais;Biogas - AGR;18;74298,00;3 ;2013
2023-07-01;Biomassa;Agroindustriais;Biogas - AGR;23;80659,00;3 ;2014
2023-07-01;Biomassa;Agroindustriais;Biogas - AGR;2;1722,00;3 ;2015
2023-07-01;Biomassa;Agroindustriais;Biogas - AGR;2;1722,00;3 ;2016
2023-07-01;Biomassa;Agroindustriais;Biogas - AGR;19;77308,00;6 ;2012
2023-07-01;Biomassa;Agroindustriais;Biogas - AGR;19;74388,00;6 ;2013
2023-07-01;Biomassa;Agroindustriais;Biogas - AGR;23;84857,00;6 ;2014
2023-07-01;Biomassa;Agroindustriais;Biogas - AGR;2;1722,00;6 ;2015
2023-07-01;Biomassa;Agroindustriais;Biogás - AGR;3;1822,00;6 ;2016
2023-07-01;Biomassa;Agroindustriais;Biogas - AGR;20;79608,00;9 ;2012
2023-07-01;Biomassa;Agroindustriais;Biogas - AGR;22;79594,00;9 ;2013
2023-07-01;Biomassa;Agroindustriais;Biogas - AGR;2;1722,00;9 ;2014
2023-07-01;Biomassa;Agroindustriais;Biogas - AGR;2;1722,00;9 ;2015
2023-07-01;Biomassa;Agroindustriais;Biogas - AGR;3;1822,00;9 ;2016
2023-07-01;Biomassa;Agroindustriais;Biogás-AGR;3;1822,00;12;2016
2023-07-01;Biomassa;Agroindustriais;Biogás-AGR;3;1822,00;3 ;2017
2023-07-01;Biomassa;Agroindustriais;Capim Elefante;2;31700,00;12;2012
2023-07-01;Biomassa;Agroindustriais;Capim Elefante;2;31700,00;12;2013
2023-07-01;Biomassa;Agroindustriais;Capim Elefante;2;31700,00;12;2014
2023-07-01;Biomassa;Agroindustriais;Capim Elefante;3;65700,00;12;2015
2023-07-01;Biomassa;Agroindustriais;Capim Elefante;3;65700,00;12;2016
2023-07-01;Biomassa;Agroindustriais;Capim Elefante;2;31700,00;3 ;2012
2023-07-01;Biomassa;Agroindustriais;Capim Elefante;2;31700,00;3 ;2013
2023-07-01;Biomassa;Agroindustriais;Capim Elefante;2;31700,00;3 ;2014
2023-07-01;Biomassa;Agroindustriais;Capim Elefante;3;65700,00;3 ;2015
2023-07-01;Biomassa;Agroindustriais;Capim Elefante;3;65700,00;3 ;2016
2023-07-01;Biomassa;Agroindustriais;Capim Elefante;3;65700,00;3 ;2017
2023-07-01;Biomassa;Agroindustriais;Capim Elefante;2;31700,00;6 ;2012
2023-07-01;Biomassa;Agroindustriais;Capim Elefante;2;31700,00;6 ;2013
2023-07-01;Biomassa;Agroindustriais;Capim Elefante;2;31700,00;6 ;2014
2023-07-01;Biomassa;Agroindustriais;Capim Elefante;3;65700,00;6 ;2015
2023-07-01;Biomassa;Agroindustriais;Capim Elefante;3;65700,00;6 ;2016
2023-07-01;Biomassa;Agroindustriais;Capim Elefante;2;31700,00;9 ;2012
2023-07-01;Biomassa;Agroindustriais;Capim Elefante;2;31700,00;9 ;2013
2023-07-01;Biomassa;Agroindustriais;Capim Elefante;2;31700,00;9 ;2014
2023-07-01;Biomassa;Agroindustriais;Capim Elefante;3;65700,00;9 ;2015
2023-07-01;Biomassa;Agroindustriais;Capim Elefante;3;65700,00;9 ;2016
2023-07-01;Biomassa;Agroindustriais;Casca de Arroz;9;36433,00;12;2012
2023-07-01;Biomassa;Agroindustriais;Casca de Arroz;9;36433,00;12;2013
2023-07-01;Biomassa;Agroindustriais;Casca de Arroz;10;37533,00;12;2014
2023-07-01;Biomassa;Agroindustriais;Casca de Arroz;12;45333,00;12;2015
2023-07-01;Biomassa;Agroindustriais;Casca de Arroz;12;45333,00;12;2016
2023-07-01;Biomassa;Agroindustriais;Casca de Arroz;8;32608,00;3 ;2012
2023-07-01;Biomassa;Agroindustriais;Casca de Arroz;9;36433,00;3 ;2013
2023-07-01;Biomassa;Agroindustriais;Casca de Arroz;9;36433,00;3 ;2014
2023-07-01;Biomassa;Agroindustriais;Casca de Arroz;11;39533,00;3 ;2015
2023-07-01;Biomassa;Agroindustriais;Casca de Arroz;12;45333,00;3 ;2016
2023-07-01;Biomassa;Agroindustriais;Casca de Arroz;12;45333,00;3 ;2017
2023-07-01;Biomassa;Agroindustriais;Casca de Arroz;8;32608,00;6 ;2012
2023-07-01;Biomassa;Agroindustriais;Casca de Arroz;9;36433,00;6 ;2013
2023-07-01;Biomassa;Agroindustriais;Casca de Arroz;9;36433,00;6 ;2014
2023-07-01;Biomassa;Agroindustriais;Casca de Arroz;11;39533,00;6 ;2015
2023-07-01;Biomassa;Agroindustriais;Casca de Arroz;12;45333,00;6 ;2016
2023-07-01;Biomassa;Agroindustriais;Casca de Arroz;8;32608,00;9 ;2012
2023-07-01;Biomassa;Agroindustriais;Casca de Arroz;9;36433,00;9 ;2013
2023-07-01;Biomassa;Agroindustriais;Casca de Arroz;10;37633,00;9 ;2014
2023-07-01;Biomassa;Agroindustriais;Casca de Arroz;11;39533,00;9 ;2015
2023-07-01;Biomassa;Agroindustriais;Casca de Arroz;12;45333,00;9 ;2016
2023-07-01;Biomassa;Biocombustíveis líquidos;Etanol;1;320,00;12;2016
2023-07-01;Biomassa;Biocombustíveis líquidos;Etanol;1;320,00;3 ;2017
2023-07-01;Biomassa;Biocombustiveis Liquidos;Etanol;1;320,00;9 ;2016
2023-07-01;Biomassa;Biocombustiveis Liquidos;Oleos Vegetais;2;4350,40;12;2012
2023-07-01;Biomassa;Biocombustiveis Liquidos;Oleos Vegetais;2;4350,40;12;2013
2023-07-01;Biomassa;Biocombustiveis Liquidos;Oleos Vegetais;3;19110,40;12;2014
2023-07-01;Biomassa;Biocombustiveis Liquidos;Oleos Vegetais;2;4350,40;12;2015
2023-07-01;Biomassa;Biocombustíveis líquidos;Óleos vegetais;2;4350,40;12;2016
2023-07-01;Biomassa;Biocombustiveis Liquidos;Oleos Vegetais;2;4350,40;3 ;2012
2023-07-01;Biomassa;Biocombustiveis Liquidos;Oleos Vegetais;2;4350,40;3 ;2013
2023-07-01;Biomassa;Biocombustiveis Liquidos;Oleos Vegetais;2;4350,40;3 ;2014
2023-07-01;Biomassa;Biocombustiveis Liquidos;Oleos Vegetais;2;4350,40;3 ;2015
2023-07-01;Biomassa;Biocombustiveis Liquidos;Oleos Vegetais;2;4350,40;3 ;2016
2023-07-01;Biomassa;Biocombustíveis líquidos;Óleos vegetais;2;4350,40;3 ;2017
2023-07-01;Biomassa;Biocombustiveis Liquidos;Oleos Vegetais;2;4350,40;6 ;2012
2023-07-01;Biomassa;Biocombustiveis Liquidos;Oleos Vegetais;2;4350,40;6 ;2013
2023-07-01;Biomassa;Biocombustiveis Liquidos;Oleos Vegetais;2;4350,40;6 ;2014
2023-07-01;Biomassa;Biocombustiveis Liquidos;Oleos Vegetais;2;4350,40;6 ;2015
2023-07-01;Biomassa;Biocombustiveis Liquidos;Óleos Vegetais;2;4350,40;6 ;2016
2023-07-01;Biomassa;Biocombustiveis Liquidos;Oleos Vegetais;2;4350,40;9 ;2012
2023-07-01;Biomassa;Biocombustiveis Liquidos;Oleos Vegetais;2;4350,40;9 ;2013
2023-07-01;Biomassa;Biocombustiveis Liquidos;Oleos Vegetais;3;19110,00;9 ;2014
2023-07-01;Biomassa;Biocombustiveis Liquidos;Oleos Vegetais;2;4350,40;9 ;2015
2023-07-01;Biomassa;Biocombustiveis Liquidos;Oleos Vegetais;1;4030,40;9 ;2016
2023-07-01;Biomassa;Carvao mineral;Calor de Processo - CM;1;24400,00;9 ;2016
2023-07-01;Biomassa;Carvao mineral;Carvão Mineral;13;3389465,00;9 ;2016
2023-07-01;Biomassa;Floresta;Carvão Vegetal;3;25200,00;12;2012
2023-07-01;Biomassa;Floresta;Carvão Vegetal;3;25200,00;12;2013
2023-07-01;Biomassa;Floresta;Carvão Vegetal;7;51400,00;12;2014
2023-07-01;Biomassa;Floresta;Carvão Vegetal;7;51397,00;12;2015
2023-07-01;Biomassa;Floresta;Carvão Vegetal;8;54097,00;12;2016
2023-07-01;Biomassa;Floresta;Carvão Vegetal;3;25200,00;3 ;2012
2023-07-01;Biomassa;Floresta;Carvão Vegetal;3;25200,00;3 ;2013
2023-07-01;Biomassa;Floresta;Carvão Vegetal;5;35000,00;3 ;2014
2023-07-01;Biomassa;Floresta;Carvão Vegetal;7;51397,00;3 ;2015
2023-07-01;Biomassa;Floresta;Carvão Vegetal;7;51397,00;3 ;2016
2023-07-01;Biomassa;Floresta;Carvão Vegetal;8;54097,00;3 ;2017
2023-07-01;Biomassa;Floresta;Carvão Vegetal;3;25200,00;6 ;2012
2023-07-01;Biomassa;Floresta;Carvão Vegetal;3;25200,00;6 ;2013
2023-07-01;Biomassa;Floresta;Carvão Vegetal;5;35000,00;6 ;2014
2023-07-01;Biomassa;Floresta;Carvão Vegetal;7;51397,00;6 ;2015
2023-07-01;Biomassa;Floresta;Carvão Vegetal;8;54097,00;6 ;2016
2023-07-01;Biomassa;Floresta;Carvão Vegetal;3;25200,00;9 ;2012
2023-07-01;Biomassa;Floresta;Carvão Vegetal;3;25200,00;9 ;2013
2023-07-01;Biomassa;Floresta;Carvão Vegetal;7;54900,00;9 ;2014
2023-07-01;Biomassa;Floresta;Carvão Vegetal;7;51397,00;9 ;2015
2023-07-01;Biomassa;Floresta;Carvão Vegetal;8;54097,00;9 ;2016
2023-07-01;Biomassa;Floresta;Gás de Alto Forno - Biomassa;0;,00;12;2012
2023-07-01;Biomassa;Floresta;Gás de Alto Forno - Biomassa;0;,00;12;2013
2023-07-01;Biomassa;Floresta;Gás de Alto Forno - Biomassa;7;107865,00;12;2014
2023-07-01;Biomassa;Floresta;Gás de Alto Forno - Biomassa;9;111865,05;12;2015
2023-07-01;Biomassa;Floresta;Gás de Alto Forno - Biomassa;11;332265,05;12;2016
2023-07-01;Biomassa;Floresta;Gás de Alto Forno - Biomassa;0;,00;3 ;2012
2023-07-01;Biomassa;Floresta;Gás de Alto Forno - Biomassa;0;,00;3 ;2013
2023-07-01;Biomassa;Floresta;Gás de Alto Forno - Biomassa;0;,00;3 ;2014
2023-07-01;Biomassa;Floresta;Gás de Alto Forno - Biomassa;8;109865,00;3 ;2015
2023-07-01;Biomassa;Floresta;Gás de Alto Forno - Biomassa;10;114265,05;3 ;2016
2023-07-01;Biomassa;Floresta;Gás de Alto Forno - Biomassa;11;332265,05;3 ;2017
2023-07-01;Biomassa;Floresta;Gás de Alto Forno - Biomassa;0;,00;6 ;2012
2023-07-01;Biomassa;Floresta;Gás de Alto Forno - Biomassa;0;,00;6 ;2013
2023-07-01;Biomassa;Floresta;Gás de Alto Forno - Biomassa;0;,00;6 ;2014
2023-07-01;Biomassa;Floresta;Gás de Alto Forno - Biomassa;8;109865,00;6 ;2015
2023-07-01;Biomassa;Floresta;Gás de Alto Forno - Biomassa;10;114265,05;6 ;2016
2023-07-01;Biomassa;Floresta;Gás de Alto Forno - Biomassa;0;,00;9 ;2012
2023-07-01;Biomassa;Floresta;Gás de Alto Forno - Biomassa;0;,00;9 ;2013
2023-07-01;Biomassa;Floresta;Gás de Alto Forno - Biomassa;5;92865,00;9 ;2014
2023-07-01;Biomassa;Floresta;Gás de Alto Forno - Biomassa;8;109865,00;9 ;2015
2023-07-01;Biomassa;Floresta;Gás de Alto Forno - Biomassa;10;114265,05;9 ;2016
2023-07-01;Biomassa;Floresta;Lenha;2;14650,00;12;2016
2023-07-01;Biomassa;Floresta;Lenha;2;14650,00;3 ;2017
2023-07-01;Biomassa;Floresta;Lenha;2;14650,00;9 ;2016
2023-07-01;Biomassa;Floresta;Licor Negro;14;1235643,00;12;2012
2023-07-01;Biomassa;Floresta;Licor Negro;17;1568004,00;12;2013
2023-07-01;Biomassa;Floresta;Licor Negro;17;1785102,00;12;2014
2023-07-01;Biomassa;Floresta;Licor Negro;17;1978136,00;12;2015
2023-07-01;Biomassa;Floresta;Licor Negro;17;2261136,00;12;2016
2023-07-01;Biomassa;Floresta;Licor Negro;14;1245198,00;3 ;2012
2023-07-01;Biomassa;Floresta;Licor Negro;14;1246222,00;3 ;2013
2023-07-01;Biomassa;Floresta;Licor Negro;16;1530182,00;3 ;2014
2023-07-01;Biomassa;Floresta;Licor Negro;17;1785102,00;3 ;2015
2023-07-01;Biomassa;Floresta;Licor Negro;17;1978136,00;3 ;2016
2023-07-01;Biomassa;Floresta;Licor Negro;17;2261136,00;3 ;2017
2023-07-01;Biomassa;Floresta;Licor Negro;14;1245198,00;6 ;2012
2023-07-01;Biomassa;Floresta;Licor Negro;15;1304182,00;6 ;2013
2023-07-01;Biomassa;Floresta;Licor Negro;17;1657582,00;6 ;2014
2023-07-01;Biomassa;Floresta;Licor Negro;17;1885649,00;6 ;2015
2023-07-01;Biomassa;Floresta;Licor Negro;16;1931136,00;6 ;2016
2023-07-01;Biomassa;Floresta;Licor Negro;14;1235643,00;9 ;2012
2023-07-01;Biomassa;Floresta;Licor Negro;16;1417182,00;9 ;2013
2023-07-01;Biomassa;Floresta;Licor Negro;17;1785022,00;9 ;2014
2023-07-01;Biomassa;Floresta;Licor Negro;17;1978136,00;9 ;2015
2023-07-01;Biomassa;Floresta;Licor Negro;17;2261136,00;9 ;2016
2023-07-01;Biomassa;Floresta;Resíduos Florestais;40;322335,00;12;2012
2023-07-01;Biomassa;Floresta;Resíduos Florestais;45;367735,00;12;2013
2023-07-01;Biomassa;Floresta;Resíduos Florestais;46;357725,00;12;2014
2023-07-01;Biomassa;Floresta;Resíduos Florestais;49;381925,00;12;2015
2023-07-01;Biomassa;Floresta;Resíduos Florestais;50;386525,00;12;2016
2023-07-01;Biomassa;Floresta;Resíduos Florestais;38;319635,00;3 ;2012
2023-07-01;Biomassa;Floresta;Resíduos Florestais;40;322335,00;3 ;2013
2023-07-01;Biomassa;Floresta;Resíduos Florestais;44;365935,00;3 ;2014
2023-07-01;Biomassa;Floresta;Resíduos Florestais;47;358925,00;3 ;2015
2023-07-01;Biomassa;Floresta;Resíduos Florestais;51;397925,00;3 ;2016
2023-07-01;Biomassa;Floresta;Resíduos Florestais;50;386100,00;3 ;2017
2023-07-01;Biomassa;Floresta;Resíduos Florestais;38;319635,00;6 ;2012
2023-07-01;Biomassa;Floresta;Resíduos Florestais;41;354535,00;6 ;2013
2023-07-01;Biomassa;Floresta;Resíduos Florestais;46;370935,00;6 ;2014
2023-07-01;Biomassa;Floresta;Resíduos Florestais;48;361925,00;6 ;2015
2023-07-01;Biomassa;Floresta;Resíduos Florestais;52;401025,00;6 ;2016
2023-07-01;Biomassa;Floresta;Resíduos Florestais;39;321135,00;9 ;2012
2023-07-01;Biomassa;Floresta;Resíduos Florestais;44;365935,00;9 ;2013
2023-07-01;Biomassa;Floresta;Resíduos Florestais;45;340935,00;9 ;2014
2023-07-01;Biomassa;Floresta;Resíduos Florestais;49;381925,00;9 ;2015
2023-07-01;Biomassa;Floresta;Resíduos Florestais;51;389525,00;9 ;2016
2023-07-01;Biomassa;Residuos animais;Biogás - RA;0;,00;12;2012
2023-07-01;Biomassa;Residuos animais;Biogás - RA;0;,00;12;2013
2023-07-01;Biomassa;Residuos animais;Biogás - RA;12;1361,00;12;2014
2023-07-01;Biomassa;Residuos animais;Biogás - RA;10;1924,00;12;2015
2023-07-01;Biomassa;Resíduos animais;Biogás - RA;11;2099,20;12;2016
2023-07-01;Biomassa;Residuos animais;Biogás - RA;0;,00;3 ;2012
2023-07-01;Biomassa;Residuos animais;Biogás - RA;0;,00;3 ;2013
2023-07-01;Biomassa;Residuos animais;Biogás - RA;0;,00;3 ;2014
2023-07-01;Biomassa;Residuos animais;Biogás - RA;12;2081,00;3 ;2015
2023-07-01;Biomassa;Residuos animais;Biogás - RA;10;1924,00;3 ;2016
2023-07-01;Biomassa;Resíduos animais;Biogás - RA;11;2099,20;3 ;2017
2023-07-01;Biomassa;Residuos animais;Biogás - RA;0;,00;6 ;2012
2023-07-01;Biomassa;Residuos animais;Biogás - RA;0;,00;6 ;2013
2023-07-01;Biomassa;Residuos animais;Biogás - RA;0;,00;6 ;2014
2023-07-01;Biomassa;Residuos animais;Biogás - RA;9;1804,00;6 ;2015
2023-07-01;Biomassa;Residuos animais;Biogás - RA;10;1924,00;6 ;2016
2023-07-01;Biomassa;Residuos animais;Biogás - RA;0;,00;9 ;2012
2023-07-01;Biomassa;Residuos animais;Biogás - RA;0;,00;9 ;2013
2023-07-01;Biomassa;Residuos animais;Biogás - RA;10;1164,00;9 ;2014
2023-07-01;Biomassa;Residuos animais;Biogás - RA;9;1804,00;9 ;2015
2023-07-01;Biomassa;Residuos animais;Biogás - RA;11;2099,20;9 ;2016
2023-07-01;Biomassa;Residuos solidos urbanos;Biogás - RU;0;,00;12;2012
2023-07-01;Biomassa;Residuos solidos urbanos;Biogás - RU;0;,00;12;2013
2023-07-01;Biomassa;Residuos solidos urbanos;Biogás - RU;11;66971,00;12;2014
2023-07-01;Biomassa;Residuos solidos urbanos;Biogás - RU;12;75151,00;12;2015
2023-07-01;Biomassa;Resíduos sólidos urbanos;Biogás - RU;15;114680,00;12;2016
2023-07-01;Biomassa;Residuos solidos urbanos;Biogás - RU;0;,00;3 ;2012
2023-07-01;Biomassa;Residuos solidos urbanos;Biogás - RU;0;,00;3 ;2013
2023-07-01;Biomassa;Residuos solidos urbanos;Biogás - RU;0;,00;3 ;2014
2023-07-01;Biomassa;Residuos solidos urbanos;Biogás - RU;10;62317,00;3 ;2015
2023-07-01;Biomassa;Residuos solidos urbanos;Biogás - RU;14;83699,00;3 ;2016
2023-07-01;Biomassa;Resíduos sólidos urbanos;Biogás - RU;15;114680,00;3 ;2017
2023-07-01;Biomassa;Residuos solidos urbanos;Biogás - RU;0;,00;6 ;2012
2023-07-01;Biomassa;Residuos solidos urbanos;Biogás - RU;0;,00;6 ;2013
2023-07-01;Biomassa;Residuos solidos urbanos;Biogás - RU;0;,00;6 ;2014
2023-07-01;Biomassa;Residuos solidos urbanos;Biogás - RU;11;70873,00;6 ;2015
2023-07-01;Biomassa;Residuos solidos urbanos;Biogás - RU;14;83699,00;6 ;2016
2023-07-01;Biomassa;Residuos solidos urbanos;Biogás - RU;0;,00;9 ;2012
2023-07-01;Biomassa;Residuos solidos urbanos;Biogás - RU;0;,00;9 ;2013
2023-07-01;Biomassa;Residuos solidos urbanos;Biogás - RU;11;66971,00;9 ;2014
2023-07-01;Biomassa;Residuos solidos urbanos;Biogás - RU;11;70873,00;9 ;2015
2023-07-01;Biomassa;Residuos solidos urbanos;Biogás - RU;15;113246,00;9 ;2016
2023-07-01;Biomassa;Resíduos sólidos urbanos;Carvão - RU;1;2700,00;3 ;2017
2023-07-01;Fossil;Carvao mineral;Calor de Processo - CM;0;,00;12;2012
2023-07-01;Fossil;Carvao mineral;Calor de Processo - CM;0;,00;12;2013
2023-07-01;Fossil;Carvao mineral;Calor de Processo - CM;1;24400,00;12;2014
2023-07-01;Fossil;Carvao mineral;Calor de Processo - CM;1;24400,00;12;2015
2023-07-01;Fóssil;Carvão mineral;Calor de Processo - CM;1;24400,00;12;2016
2023-07-01;Fossil;Carvao mineral;Calor de Processo - CM;0;,00;3 ;2012
2023-07-01;Fossil;Carvao mineral;Calor de Processo - CM;0;,00;3 ;2013
2023-07-01;Fossil;Carvao mineral;Calor de Processo - CM;0;,00;3 ;2014
2023-07-01;Fossil;Carvao mineral;Calor de Processo - CM;1;24400,00;3 ;2015
2023-07-01;Fossil;Carvao mineral;Calor de Processo - CM;1;24400,00;3 ;2016
2023-07-01;Fóssil;Carvão mineral;Calor de Processo - CM;1;24400,00;3 ;2017
2023-07-01;Fossil;Carvao mineral;Calor de Processo - CM;0;,00;6 ;2012
2023-07-01;Fossil;Carvao mineral;Calor de Processo - CM;0;,00;6 ;2013
2023-07-01;Fossil;Carvao mineral;Calor de Processo - CM;0;,00;6 ;2014
2023-07-01;Fossil;Carvao mineral;Calor de Processo - CM;1;24400,00;6 ;2015
2023-07-01;Fossil;Carvao mineral;Calor de Processo - CM;1;24400,00;6 ;2016
2023-07-01;Fossil;Carvao mineral;Calor de Processo - CM;0;,00;9 ;2012
2023-07-01;Fossil;Carvao mineral;Calor de Processo - CM;0;,00;9 ;2013
2023-07-01;Fossil;Carvao mineral;Calor de Processo - CM;1;24400,00;9 ;2014
2023-07-01;Fossil;Carvao mineral;Calor de Processo - CM;1;24400,00;9 ;2015
2023-07-01;Fossil;Carvao mineral;Carvão Mineral;11;2304191,00;12;2012
2023-07-01;Fossil;Carvao mineral;Carvão Mineral;13;3389465,00;12;2013
2023-07-01;Fossil;Carvao mineral;Carvão Mineral;13;3389465,00;12;2014
2023-07-01;Fossil;Carvao mineral;Carvão Mineral;13;3389465,00;12;2015
2023-07-01;Fóssil;Carvão mineral;Carvão Mineral;13;3389465,00;12;2016
2023-07-01;Fossil;Carvao mineral;Carvão Mineral;10;1944054,00;3 ;2012
2023-07-01;Fossil;Carvao mineral;Carvão Mineral;12;2664328,00;3 ;2013
2023-07-01;Fossil;Carvao mineral;Carvão Mineral;13;3389465,00;3 ;2014
2023-07-01;Fossil;Carvao mineral;Carvão Mineral;13;3389465,00;3 ;2015
2023-07-01;Fossil;Carvao mineral;Carvão Mineral;13;3389465,00;3 ;2016
2023-07-01;Fóssil;Carvão mineral;Carvão Mineral;13;3389465,00;3 ;2017
2023-07-01;Fossil;Carvao mineral;Carvão Mineral;10;1944054,00;6 ;2012
2023-07-01;Fossil;Carvao mineral;Carvão Mineral;12;3024465,00;6 ;2013
2023-07-01;Fossil;Carvao mineral;Carvão Mineral;13;3389465,00;6 ;2014
2023-07-01;Fossil;Carvao mineral;Carvão Mineral;13;3389465,00;6 ;2015
2023-07-01;Fossil;Carvao mineral;Carvão Mineral;13;3389465,00;6 ;2016
2023-07-01;Fossil;Carvao mineral;Carvão Mineral;10;1944054,00;9 ;2012
2023-07-01;Fossil;Carvao mineral;Carvão Mineral;12;3024465,00;9 ;2013
2023-07-01;Fossil;Carvao mineral;Carvão Mineral;13;3389465,00;9 ;2014
2023-07-01;Fossil;Carvao mineral;Carvão Mineral;13;3389465,00;9 ;2015
2023-07-01;Fossil;Carvao mineral;Gás de Alto Forno - CM;15;304555,00;12;2012
2023-07-01;Fossil;Carvao mineral;Gás de Alto Forno - CM;15;308555,00;12;2013
2023-07-01;Fossil;Carvao mineral;Gás de Alto Forno - CM;8;179290,00;12;2014
2023-07-01;Fossil;Carvao mineral;Gás de Alto Forno - CM;8;198290,00;12;2015
2023-07-01;Fóssil;Carvão mineral;Gás de Alto Forno - CM;9;199130,00;12;2016
2023-07-01;Fossil;Carvao mineral;Gás de Alto Forno - CM;15;304555,00;3 ;2012
2023-07-01;Fossil;Carvao mineral;Gás de Alto Forno - CM;15;308555,00;3 ;2013
2023-07-01;Fossil;Carvao mineral;Gás de Alto Forno - CM;17;330555,00;3 ;2014
2023-07-01;Fossil;Carvao mineral;Gás de Alto Forno - CM;9;200290,00;3 ;2015
2023-07-01;Fossil;Carvao mineral;Gás de Alto Forno - CM;8;198290,00;3 ;2016
2023-07-01;Fóssil;Carvão mineral;Gás de Alto Forno - CM;9;199130,00;3 ;2017
2023-07-01;Fossil;Carvao mineral;Gás de Alto Forno - CM;15;304555,00;6 ;2012
2023-07-01;Fossil;Carvao mineral;Gás de Alto Forno - CM;15;308555,00;6 ;2013
2023-07-01;Fossil;Carvao mineral;Gás de Alto Forno - CM;17;330555,00;6 ;2014
2023-07-01;Fossil;Carvao mineral;Gás de Alto Forno - CM;9;200290,00;6 ;2015
2023-07-01;Fossil;Carvao mineral;Gás de Alto Forno - CM;8;198290,00;6 ;2016
2023-07-01;Fossil;Carvao mineral;Gás de Alto Forno - CM;15;304555,00;9 ;2012
2023-07-01;Fossil;Carvao mineral;Gás de Alto Forno - CM;15;308555,00;9 ;2013
2023-07-01;Fossil;Carvao mineral;Gás de Alto Forno - CM;8;179290,00;9 ;2014
2023-07-01;Fossil;Carvao mineral;Gás de Alto Forno - CM;9;200290,00;9 ;2015
2023-07-01;Fossil;Carvao mineral;Gás de Alto Forno - CM;9;199130,00;9 ;2016
2023-07-01;Fossil;Gas Natural;Calor de Processo - GN;10;875020,00;12;2012
2023-07-01;Fossil;Gas Natural;Calor de Processo - GN;11;899520,00;12;2013
2023-07-01;Fossil;Gas Natural;Calor de Processo - GN;1;40000,00;12;2014
2023-07-01;Fossil;Gas Natural;Calor de Processo - GN;1;40000,00;12;2015
2023-07-01;Fóssil;Gás natural;Calor de Processo - GN;1;40000,00;12;2016
2023-07-01;Fossil;Gas Natural;Calor de Processo - GN;10;928120,00;3 ;2012
2023-07-01;Fossil;Gas Natural;Calor de Processo - GN;10;875020,00;3 ;2013
2023-07-01;Fossil;Gas Natural;Calor de Processo - GN;11;899520,00;3 ;2014
2023-07-01;Fossil;Gas Natural;Calor de Processo - GN;1;40000,00;3 ;2015
2023-07-01;Fossil;Gas Natural;Calor de Processo - GN;1;40000,00;3 ;2016
2023-07-01;Fóssil;Gás natural;Calor de Processo - GN;1;40000,00;3 ;2017
2023-07-01;Fossil;Gas Natural;Calor de Processo - GN;10;928120,00;6 ;2012
2023-07-01;Fossil;Gas Natural;Calor de Processo - GN;11;899520,00;6 ;2013
2023-07-01;Fossil;Gas Natural;Calor de Processo - GN;11;899520,00;6 ;2014
2023-07-01;Fossil;Gas Natural;Calor de Processo - GN;1;40000,00;6 ;2015
2023-07-01;Fossil;Gas Natural;Calor de Processo - GN;1;40000,00;6 ;2016
2023-07-01;Fossil;Gas Natural;Calor de Processo - GN;10;928120,00;9 ;2012
2023-07-01;Fossil;Gas Natural;Calor de Processo - GN;11;899520,00;9 ;2013
2023-07-01;Fossil;Gas Natural;Calor de Processo - GN;1;40000,00;9 ;2014
2023-07-01;Fossil;Gas Natural;Calor de Processo - GN;1;40000,00;9 ;2015
2023-07-01;Fossil;Gas Natural;Calor de Processo - GN;1;40000,00;9 ;2016
2023-07-01;Fossil;Gas Natural;Gás Natural;105;11415492,80;12;2012
2023-07-01;Fossil;Gas Natural;Gás Natural;113;12170185,80;12;2013
2023-07-01;Fossil;Gas Natural;Gás Natural;121;12549996,00;12;2014
2023-07-01;Fossil;Gas Natural;Gás Natural;145;12387681,74;12;2015
2023-07-01;Fóssil;Gás natural;Gás Natural;155;12964385,54;12;2016
2023-07-01;Fossil;Gas Natural;Gás Natural;105;11429702,80;3 ;2012
2023-07-01;Fossil;Gas Natural;Gás Natural;109;12000829,80;3 ;2013
2023-07-01;Fossil;Gas Natural;Gás Natural;116;12534520,80;3 ;2014
2023-07-01;Fossil;Gas Natural;Gás Natural;135;12852650,00;3 ;2015
2023-07-01;Fossil;Gas Natural;Gás Natural;147;12387682,00;3 ;2016
2023-07-01;Fóssil;Gás natural;Gás Natural;159;12968689,22;3 ;2017
2023-07-01;Fossil;Gas Natural;Gás Natural;106;11561812,80;6 ;2012
2023-07-01;Fossil;Gas Natural;Gás Natural;110;11936348,80;6 ;2013
2023-07-01;Fossil;Gas Natural;Gás Natural;115;12533616,00;6 ;2014
2023-07-01;Fossil;Gas Natural;Gás Natural;138;12853261,26;6 ;2015
2023-07-01;Fossil;Gas Natural;Gás Natural;151;12996356,94;6 ;2016
2023-07-01;Fossil;Gas Natural;Gás Natural;105;11550013,00;9 ;2012
2023-07-01;Fossil;Gas Natural;Gás Natural;110;11936348,80;9 ;2013
2023-07-01;Fossil;Gas Natural;Gás Natural;117;12541000,00;9 ;2014
2023-07-01;Fossil;Gas Natural;Gás Natural;141;12864356,86;9 ;2015
2023-07-01;Fossil;Gas Natural;Gás Natural;151;12978018,54;9 ;2016
2023-07-01;Fossil;Outros fosseis;Calor de Processo - OF;10;356191,00;12;2012
2023-07-01;Fossil;Outros fosseis;Calor de Processo - OF;37;365863,00;12;2013
2023-07-01;Fossil;Outros fosseis;Calor de Processo - OF;2;149300,00;12;2014
2023-07-01;Fossil;Outros fosseis;Calor de Processo - OF;1;147300,00;12;2015
2023-07-01;Fóssil;Outros Fósseis;Calor de Processo - OF;1;147300,00;12;2016
2023-07-01;Fossil;Outros fosseis;Calor de Processo - OF;8;402008,00;3 ;2012
2023-07-01;Fossil;Outros fosseis;Calor de Processo - OF;7;352788,00;3 ;2013
2023-07-01;Fossil;Outros fosseis;Calor de Processo - OF;31;272563,00;3 ;2014
2023-07-01;Fossil;Outros fosseis;Calor de Processo - OF;1;147300,00;3 ;2015
2023-07-01;Fossil;Outros fosseis;Calor de Processo - OF;1;147300,00;3 ;2016
2023-07-01;Fóssil;Outros Fósseis;Calor de Processo - OF;1;147300,00;3 ;2017
2023-07-01;Fossil;Outros fosseis;Calor de Processo - OF;10;405411,00;6 ;2012
2023-07-01;Fossil;Outros fosseis;Calor de Processo - OF;8;352788,00;6 ;2013
2023-07-01;Fossil;Outros fosseis;Calor de Processo - OF;7;221788,00;6 ;2014
2023-07-01;Fossil;Outros fosseis;Calor de Processo - OF;1;147300,00;6 ;2015
2023-07-01;Fossil;Outros fosseis;Calor de Processo - OF;1;147300,00;6 ;2016
2023-07-01;Fossil;Outros fosseis;Calor de Processo - OF;10;405411,00;9 ;2012
2023-07-01;Fossil;Outros fosseis;Calor de Processo - OF;9;354708,00;9 ;2013
2023-07-01;Fossil;Outros fosseis;Calor de Processo - OF;2;149300,00;9 ;2014
2023-07-01;Fossil;Outros fosseis;Calor de Processo - OF;1;147300,00;9 ;2015
2023-07-01;Fossil;Outros fosseis;Calor de Processo - OF;1;147300,00;9 ;2016
2023-07-01;Fossil;Petroleo;Gás de Refinaria;8;341600,00;12;2012
2023-07-01;Fossil;Petroleo;Gás de Refinaria;6;253800,00;12;2013
2023-07-01;Fossil;Petroleo;Gás de Refinaria;7;339960,00;12;2014
2023-07-01;Fossil;Petroleo;Gás de Refinaria;7;339960,00;12;2015
2023-07-01;Fóssil;Petróleo;Gás de Refinaria;7;339960,00;12;2016
2023-07-01;Fossil;Petroleo;Gás de Refinaria;8;305000,00;3 ;2012
2023-07-01;Fossil;Petroleo;Gás de Refinaria;7;278300,00;3 ;2013
2023-07-01;Fossil;Petroleo;Gás de Refinaria;6;295560,00;3 ;2014
2023-07-01;Fossil;Petroleo;Gás de Refinaria;7;339960,00;3 ;2015
2023-07-01;Fossil;Petroleo;Gás de Refinaria;7;339960,00;3 ;2016
2023-07-01;Fóssil;Petróleo;Gás de Refinaria;6;315560,00;3 ;2017
2023-07-01;Fossil;Petroleo;Gás de Refinaria;8;328000,00;6 ;2012
2023-07-01;Fossil;Petroleo;Gás de Refinaria;6;253800,00;6 ;2013
2023-07-01;Fossil;Petroleo;Gás de Refinaria;6;295560,00;6 ;2014
2023-07-01;Fossil;Petroleo;Gás de Refinaria;7;339960,00;6 ;2015
2023-07-01;Fossil;Petroleo;Gás de Refinaria;7;339960,00;6 ;2016
2023-07-01;Fossil;Petroleo;Gás de Refinaria;8;328000,00;9 ;2012
2023-07-01;Fossil;Petroleo;Gás de Refinaria;6;253800,00;9 ;2013
2023-07-01;Fossil;Petroleo;Gás de Refinaria;7;339960,00;9 ;2014
2023-07-01;Fossil;Petroleo;Gás de Refinaria;7;339960,00;9 ;2015
2023-07-01;Fossil;Petroleo;Gás de Refinaria;7;339960,00;9 ;2016
2023-07-01;Fossil;Petroleo;Óleo Combustível;34;3794511,00;12;2012
2023-07-01;Fossil;Petroleo;Óleo Combustível;34;4022613,00;12;2013
2023-07-01;Fossil;Petroleo;Óleo Combustível;34;4083973,00;12;2014
2023-07-01;Fossil;Petroleo;Óleo Combustível;41;4537095,35;12;2015
2023-07-01;Fóssil;Petróleo;Óleo Combustível;41;4056773,00;12;2016
2023-07-01;Fossil;Petroleo;Óleo Combustível;34;3805311,00;3 ;2012
2023-07-01;Fossil;Petroleo;Óleo Combustível;34;4119647,00;3 ;2013
2023-07-01;Fossil;Petroleo;Óleo Combustível;33;4083613,00;3 ;2014
2023-07-01;Fossil;Petroleo;Óleo Combustível;39;3935151,47;3 ;2015
2023-07-01;Fossil;Petroleo;Óleo Combustível;41;4141353,00;3 ;2016
2023-07-01;Fóssil;Petróleo;Óleo Combustível;43;4056847,00;3 ;2017
2023-07-01;Fossil;Petroleo;Óleo Combustível;34;3805311,00;6 ;2012
2023-07-01;Fossil;Petroleo;Óleo Combustível;33;3837647,00;6 ;2013
2023-07-01;Fossil;Petroleo;Óleo Combustível;33;4083613,00;6 ;2014
2023-07-01;Fossil;Petroleo;Óleo Combustível;40;4481713,29;6 ;2015
2023-07-01;Fossil;Petroleo;Óleo Combustível;40;4055973,00;6 ;2016
2023-07-01;Fossil;Petroleo;Óleo Combustível;34;3805311,00;9 ;2012
2023-07-01;Fossil;Petroleo;Óleo Combustível;33;3817823,00;9 ;2013
2023-07-01;Fossil;Petroleo;Óleo Combustível;34;4083973,00;9 ;2014
2023-07-01;Fossil;Petroleo;Óleo Combustível;40;4516410,55;9 ;2015
2023-07-01;Fossil;Petroleo;Óleo Combustível;40;4055973,00;9 ;2016
2023-07-01;Fossil;Petroleo;Óleo Diesel;964;3421063,63;12;2012
2023-07-01;Fossil;Petroleo;Óleo Diesel;1112;3657158,00;12;2013
2023-07-01;Fossil;Petroleo;Óleo Diesel;1180;3583585,00;12;2014
2023-07-01;Fossil;Petroleo;Óleo Diesel;2103;4141353,00;12;2015
2023-07-01;Fóssil;Petróleo;Óleo Diesel;2169;4802285,22;12;2016
2023-07-01;Fossil;Petroleo;Óleo Diesel;914;3227874,72;3 ;2012
2023-07-01;Fossil;Petroleo;Óleo Diesel;998;3466974,43;3 ;2013
2023-07-01;Fossil;Petroleo;Óleo Diesel;1118;3527328,44;3 ;2014
2023-07-01;Fossil;Petroleo;Óleo Diesel;1563;4090553,00;3 ;2015
2023-07-01;Fossil;Petroleo;Óleo Diesel;2127;4574815,00;3 ;2016
2023-07-01;Fóssil;Petróleo;Óleo Diesel;2166;4802599,54;3 ;2017
2023-07-01;Fossil;Petroleo;Óleo Diesel;928;3231546,92;6 ;2012
2023-07-01;Fossil;Petroleo;Óleo Diesel;1068;3490590,83;6 ;2013
2023-07-01;Fossil;Petroleo;Óleo Diesel;1171;3571954,00;6 ;2014
2023-07-01;Fossil;Petroleo;Óleo Diesel;1974;4091353,00;6 ;2015
2023-07-01;Fossil;Petroleo;Óleo Diesel;2135;4614693,97;6 ;2016
2023-07-01;Fossil;Petroleo;Óleo Diesel;942;3394829,00;9 ;2012
2023-07-01;Fossil;Petroleo;Óleo Diesel;1086;3509702,27;9 ;2013
2023-07-01;Fossil;Petroleo;Óleo Diesel;1177;3594498,00;9 ;2014
2023-07-01;Fossil;Petroleo;Óleo Diesel;2069;4091353,00;9 ;2015
2023-07-01;Fossil;Petroleo;Óleo Diesel;2153;4692443,57;9 ;2016
2023-07-01;Fossil;Petroleo;Outros Energéticos de Petróleo;0;,00;12;2012
2023-07-01;Fossil;Petroleo;Outros Energéticos de Petróleo;0;,00;12;2013
2023-07-01;Fossil;Petroleo;Outros Energéticos de Petróleo;15;925208,00;12;2014
2023-07-01;Fossil;Petroleo;Outros Energéticos de Petróleo;16;937928,00;12;2015
2023-07-01;Fóssil;Petróleo;Outros Energéticos de Petróleo;17;955928,00;12;2016
2023-07-01;Fossil;Petroleo;Outros Energéticos de Petróleo;0;,00;3 ;2012
2023-07-01;Fossil;Petroleo;Outros Energéticos de Petróleo;0;,00;3 ;2013
2023-07-01;Fossil;Petroleo;Outros Energéticos de Petróleo;0;,00;3 ;2014
2023-07-01;Fossil;Petroleo;Outros Energéticos de Petróleo;16;937928,00;3 ;2015
2023-07-01;Fossil;Petroleo;Outros Energéticos de Petróleo;16;937928,00;3 ;2016
2023-07-01;Fóssil;Petróleo;Outros Energéticos de Petróleo;18;980328,00;3 ;2017
2023-07-01;Fossil;Petroleo;Outros Energéticos de Petróleo;0;,00;6 ;2012
2023-07-01;Fossil;Petroleo;Outros Energéticos de Petróleo;0;,00;6 ;2013
2023-07-01;Fossil;Petroleo;Outros Energéticos de Petróleo;0;,00;6 ;2014
2023-07-01;Fossil;Petroleo;Outros Energéticos de Petróleo;16;937928,00;6 ;2015
2023-07-01;Fossil;Petroleo;Outros Energéticos de Petróleo;17;955928,00;6 ;2016
2023-07-01;Fossil;Petroleo;Outros Energéticos de Petróleo;0;,00;9 ;2012
2023-07-01;Fossil;Petroleo;Outros Energéticos de Petróleo;0;,00;9 ;2013
2023-07-01;Fossil;Petroleo;Outros Energéticos de Petróleo;15;925208,00;9 ;2014
2023-07-01;Fossil;Petroleo;Outros Energéticos de Petróleo;16;937928,00;9 ;2015
2023-07-01;Fossil;Petroleo;Outros Energéticos de Petróleo;17;955928,00;9 ;2016
2023-07-01;Biomassa;Agroindustriais;Bagaço de Cana de Açúcar;397;11020810,20;6 ;2017
2023-07-01;Biomassa;Agroindustriais;Biogás-AGR;3;1822,00;6 ;2017
2023-07-01;Biomassa;Agroindustriais;Capim Elefante;3;65700,00;6 ;2017
2023-07-01;Biomassa;Agroindustriais;Casca de Arroz;12;45333,00;6 ;2017
2023-07-01;Biomassa;Biocombustíveis líquidos;Etanol;1;320,00;6 ;2017
2023-07-01;Biomassa;Biocombustíveis líquidos;Óleos vegetais;2;4350,40;6 ;2017
2023-07-01;Biomassa;Floresta;Carvão Vegetal;7;41197,00;6 ;2017
2023-07-01;Biomassa;Floresta;Gás de Alto Forno - Biomassa;10;114265,05;6 ;2017
2023-07-01;Biomassa;Floresta;Lenha;2;14650,00;6 ;2017
2023-07-01;Biomassa;Floresta;Licor Negro;17;2261136,00;6 ;2017
2023-07-01;Biomassa;Floresta;Resíduos Florestais;50;386100,00;6 ;2017
2023-07-01;Biomassa;Resíduos animais;Biogás - RA;11;2099,20;6 ;2017
2023-07-01;Biomassa;Resíduos sólidos urbanos;Biogás - RU;16;117532,00;6 ;2017
2023-07-01;Biomassa;Resíduos sólidos urbanos;Carvão - RU;1;2700,00;6 ;2017
2023-07-01;Fóssil;Carvão mineral;Calor de Processo - CM;1;24400,00;6 ;2017
2023-07-01;Fóssil;Carvão mineral;Carvão Mineral;12;3317465,00;6 ;2017
2023-07-01;Fóssil;Carvão mineral;Gás de Alto Forno - CM;9;390130,00;6 ;2017
2023-07-01;Fóssil;Gás natural;Calor de Processo - GN;1;40000,00;6 ;2017
2023-07-01;Fóssil;Gás natural;Gás Natural;162;12977729,22;6 ;2017
2023-07-01;Fóssil;Outros Fósseis;Calor de Processo - OF;1;147300,00;6 ;2017
2023-07-01;Fóssil;Petróleo;Gás de Refinaria;6;315560,00;6 ;2017
2023-07-01;Fóssil;Petróleo;Óleo Combustível;69;4057968,98;6 ;2017
2023-07-01;Fóssil;Petróleo;Óleo Diesel;2115;4692159,34;6 ;2017
2023-07-01;Fóssil;Petróleo;Outros Energéticos de Petróleo;18;980328,00;6 ;2017
2023-07-01;Biomassa;Agroindustriais;Bagaço de Cana de Açúcar;400;11157935,20;12;2017
2023-07-01;Biomassa;Agroindustriais;Biogás-AGR;3;1822,00;12;2017
2023-07-01;Biomassa;Agroindustriais;Capim Elefante;3;65700,00;12;2017
2023-07-01;Biomassa;Agroindustriais;Casca de Arroz;12;45333,00;12;2017
2023-07-01;Biomassa;Biocombustíveis líquidos;Etanol;1;320,00;12;2017
2023-07-01;Biomassa;Biocombustíveis líquidos;Óleos vegetais;2;4350,40;12;2017
2023-07-01;Biomassa;Floresta;Carvão Vegetal;8;43197,00;12;2017
2023-07-01;Biomassa;Floresta;Gás de Alto Forno - Biomassa;10;114265,05;12;2017
2023-07-01;Biomassa;Floresta;Lenha;4;23900,00;12;2017
2023-07-01;Biomassa;Floresta;Licor Negro;18;2542616,00;12;2017
2023-07-01;Biomassa;Floresta;Resíduos Florestais;55;425197,00;12;2017
2023-07-01;Biomassa;Resíduos animais;Biogás - RA;14;4481,20;12;2017
2023-07-01;Biomassa;Resíduos sólidos urbanos;Biogás - RU;19;128850,60;12;2017
2023-07-01;Biomassa;Resíduos sólidos urbanos;Carvão - RU;1;2700,00;12;2017
2023-07-01;Fóssil;Carvão mineral;Calor de Processo - CM;2;28400,00;12;2017
2023-07-01;Fóssil;Carvão mineral;Carvão Mineral;14;3323740,00;12;2017
2023-07-01;Fóssil;Carvão mineral;Gás de Alto Forno - CM;10;375330,00;12;2017
2023-07-01;Fóssil;Gás natural;Calor de Processo - GN;1;40000,00;12;2017
2023-07-01;Fóssil;Gás natural;Gás Natural;166;12980311,22;12;2017
2023-07-01;Fóssil;Outros Fósseis;Calor de Processo - OF;1;147300,00;12;2017
2023-07-01;Fóssil;Petróleo;Gás de Refinaria;6;315560,00;12;2017
2023-07-01;Fóssil;Petróleo;Óleo Combustível;75;4055884,98;12;2017
2023-07-01;Fóssil;Petróleo;Óleo Diesel;2168;4771486,35;12;2017
2023-07-01;Fóssil;Petróleo;Outros Energéticos de Petróleo;18;1028328,00;12;2017
2023-07-01;Biomassa;Agroindustriais;Bagaço de Cana de Açúcar;396;11097035,20;9 ;2017
2023-07-01;Biomassa;Agroindustriais;Biogás-AGR;3;1822,00;9 ;2017
2023-07-01;Biomassa;Agroindustriais;Capim Elefante;3;65700,00;9 ;2017
2023-07-01;Biomassa;Agroindustriais;Casca de Arroz;12;45333,00;9 ;2017
2023-07-01;Biomassa;Biocombustíveis líquidos;Etanol;1;320,00;9 ;2017
2023-07-01;Biomassa;Biocombustíveis líquidos;Óleos vegetais;2;4350,40;9 ;2017
2023-07-01;Biomassa;Floresta;Carvão Vegetal;7;41197,00;9 ;2017
2023-07-01;Biomassa;Floresta;Gás de Alto Forno - Biomassa;10;114265,05;9 ;2017
2023-07-01;Biomassa;Floresta;Lenha;3;15650,00;9 ;2017
2023-07-01;Biomassa;Floresta;Licor Negro;17;2273036,00;9 ;2017
2023-07-01;Biomassa;Floresta;Resíduos Florestais;50;404270,00;9 ;2017
2023-07-01;Biomassa;Resíduos animais;Biogás - RA;13;4439,20;9 ;2017
2023-07-01;Biomassa;Resíduos sólidos urbanos;Biogás - RU;17;122249,60;9 ;2017
2023-07-01;Biomassa;Resíduos sólidos urbanos;Carvão - RU;1;2700,00;9 ;2017
2023-07-01;Fóssil;Carvão mineral;Calor de Processo - CM;1;24400,00;9 ;2017
2023-07-01;Fóssil;Carvão mineral;Carvão Mineral;12;3317465,00;9 ;2017
2023-07-01;Fóssil;Carvão mineral;Gás de Alto Forno - CM;8;371630,00;9 ;2017
2023-07-01;Fóssil;Gás natural;Calor de Processo - GN;1;40000,00;9 ;2017
2023-07-01;Fóssil;Gás natural;Gás Natural;161;12963427,22;9 ;2017
2023-07-01;Fóssil;Outros Fósseis;Calor de Processo - OF;1;147300,00;9 ;2017
2023-07-01;Fóssil;Petróleo;Gás de Refinaria;6;315560,00;9 ;2017
2023-07-01;Fóssil;Petróleo;Óleo Combustível;72;4055750,98;9 ;2017
2023-07-01;Fóssil;Petróleo;Óleo Diesel;2115;4676928,09;9 ;2017
2023-07-01;Fóssil;Petróleo;Outros Energéticos de Petróleo;18;980328,00;9 ;2017
2023-07-01;Biomassa;Agroindustriais;Bagaço de Cana de Açúcar;401;11180735,20;3 ;2018
2023-07-01;Biomassa;Agroindustriais;Biogás-AGR;2;948,00;3 ;2018
2023-07-01;Biomassa;Agroindustriais;Capim Elefante;2;31700,00;3 ;2018
2023-07-01;Biomassa;Agroindustriais;Casca de Arroz;12;45333,00;3 ;2018
2023-07-01;Biomassa;Biocombustíveis líquidos;Etanol;1;320,00;3 ;2018
2023-07-01;Biomassa;Biocombustíveis líquidos;Óleos vegetais;2;4350,40;3 ;2018
2023-07-01;Biomassa;Floresta;Carvão Vegetal;8;43197,00;3 ;2018
2023-07-01;Biomassa;Floresta;Gás de Alto Forno - Biomassa;10;114265,05;3 ;2018
2023-07-01;Biomassa;Floresta;Lenha;4;23900,00;3 ;2018
2023-07-01;Biomassa;Floresta;Licor Negro;18;2542616,00;3 ;2018
2023-07-01;Biomassa;Floresta;Resíduos Florestais;55;425197,00;3 ;2018
2023-07-01;Biomassa;Resíduos animais;Biogás - RA;14;4481,20;3 ;2018
2023-07-01;Biomassa;Resíduos sólidos urbanos;Biogás - RU;19;128850,60;3 ;2018
2023-07-01;Biomassa;Resíduos sólidos urbanos;Carvão - RU;1;2700,00;3 ;2018
2023-07-01;Fóssil;Carvão mineral;Calor de Processo - CM;2;28400,00;3 ;2018
2023-07-01;Fóssil;Carvão mineral;Carvão Mineral;14;3323740,00;3 ;2018
2023-07-01;Fóssil;Carvão mineral;Gás de Alto Forno - CM;10;375330,00;3 ;2018
2023-07-01;Fóssil;Gás natural;Calor de Processo - GN;1;40000,00;3 ;2018
2023-07-01;Fóssil;Gás natural;Gás Natural;165;12953699,22;3 ;2018
2023-07-01;Fóssil;Outros Fósseis;Calor de Processo - OF;1;147300,00;3 ;2018
2023-07-01;Fóssil;Petróleo;Gás de Alto Forno - PE;1;1200,00;3 ;2018
2023-07-01;Fóssil;Petróleo;Gás de Refinaria;6;315560,00;3 ;2018
2023-07-01;Fóssil;Petróleo;Óleo Combustível;78;4055966,98;3 ;2018
2023-07-01;Fóssil;Petróleo;Óleo Diesel;2157;4720995,39;3 ;2018
2023-07-01;Fóssil;Petróleo;Outros Energéticos de Petróleo;18;1028328,00;3 ;2018
2023-07-01;Fóssil;Petróleo;Gás de Alto Forno - PE;1;1200,00;12;2017
2023-07-01;Biomassa;Agroindustriais;Bagaço de Cana de Açúcar;401;11180735,20;6 ;2018
2023-07-01;Biomassa;Agroindustriais;Biogás-AGR;2;948,00;6 ;2018
2023-07-01;Biomassa;Agroindustriais;Capim Elefante;2;31700,00;6 ;2018
2023-07-01;Biomassa;Agroindustriais;Casca de Arroz;12;45333,00;6 ;2018
2023-07-01;Biomassa;Biocombustíveis líquidos;Etanol;1;320,00;6 ;2018
2023-07-01;Biomassa;Biocombustíveis líquidos;Óleos vegetais;2;4350,40;6 ;2018
2023-07-01;Biomassa;Floresta;Carvão Vegetal;8;43197,00;6 ;2018
2023-07-01;Biomassa;Floresta;Gás de Alto Forno - Biomassa;10;114265,05;6 ;2018
2023-07-01;Biomassa;Floresta;Lenha;4;23900,00;6 ;2018
2023-07-01;Biomassa;Floresta;Licor Negro;18;2542616,00;6 ;2018
2023-07-01;Biomassa;Floresta;Resíduos Florestais;55;425197,00;6 ;2018
2023-07-01;Biomassa;Resíduos animais;Biogás - RA;14;4481,20;6 ;2018
2023-07-01;Biomassa;Resíduos sólidos urbanos;Biogás - RU;19;128850,60;6 ;2018
2023-07-01;Biomassa;Resíduos sólidos urbanos;Carvão - RU;1;2700,00;6 ;2018
2023-07-01;Fóssil;Carvão mineral;Calor de Processo - CM;2;28400,00;6 ;2018
2023-07-01;Fóssil;Carvão mineral;Carvão Mineral;14;3323740,00;6 ;2018
2023-07-01;Fóssil;Carvão mineral;Gás de Alto Forno - CM;10;375330,00;6 ;2018
2023-07-01;Fóssil;Gás natural;Calor de Processo - GN;1;40000,00;6 ;2018
2023-07-01;Fóssil;Gás natural;Gás Natural;165;12953699,22;6 ;2018
2023-07-01;Fóssil;Outros Fósseis;Calor de Processo - OF;1;147300,00;6 ;2018
2023-07-01;Fóssil;Petróleo;Gás de Alto Forno - PE;1;1200,00;6 ;2018
2023-07-01;Fóssil;Petróleo;Gás de Refinaria;6;315560,00;6 ;2018
2023-07-01;Fóssil;Petróleo;Óleo Combustível;78;4055966,98;6 ;2018
2023-07-01;Fóssil;Petróleo;Óleo Diesel;2157;4720995,39;6 ;2018
2023-07-01;Fóssil;Petróleo;Outros Energéticos de Petróleo;18;1028328,00;6 ;2018
2023-07-01;Biomassa;Agroindustriais;Bagaço de Cana de Açúcar;404;11264992,00;9 ;2018
2023-07-01;Biomassa;Agroindustriais;Biogás-AGR;3;7951,00;9 ;2018
2023-07-01;Biomassa;Agroindustriais;Capim Elefante;2;31700,00;9 ;2018
2023-07-01;Biomassa;Agroindustriais;Casca de Arroz;12;45333,00;9 ;2018
2023-07-01;Biomassa;Biocombustíveis líquidos;Etanol;1;320,00;9 ;2018
2023-07-01;Biomassa;Biocombustíveis líquidos;Óleos vegetais;2;4350,40;9 ;2018
2023-07-01;Biomassa;Floresta;Carvão Vegetal;8;43197,00;9 ;2018
2023-07-01;Biomassa;Floresta;Gás de Alto Forno - Biomassa;12;127705,00;9 ;2018
2023-07-01;Biomassa;Floresta;Lenha;5;36015,00;9 ;2018
2023-07-01;Biomassa;Floresta;Licor Negro;18;2542616,00;9 ;2018
2023-07-01;Biomassa;Floresta;Resíduos Florestais;56;427697,00;9 ;2018
2023-07-01;Biomassa;Resíduos animais;Biogás - RA;14;4481,20;9 ;2018
2023-07-01;Biomassa;Resíduos sólidos urbanos;Biogás - RU;20;133128,00;9 ;2018
2023-07-01;Biomassa;Resíduos sólidos urbanos;Carvão - RU;2;5250,00;9 ;2018
2023-07-01;Fóssil;Carvão mineral;Calor de Processo - CM;2;28400,00;9 ;2018
2023-07-01;Fóssil;Carvão mineral;Carvão Mineral;14;3323740,00;9 ;2018
2023-07-01;Fóssil;Carvão mineral;Gás de Alto Forno - CM;8;365690,00;9 ;2018
2023-07-01;Fóssil;Gás natural;Calor de Processo - GN;1;40000,00;9 ;2018
2023-07-01;Fóssil;Gás natural;Gás Natural;166;12963278,00;9 ;2018
2023-07-01;Fóssil;Outros Fósseis;Calor de Processo - OF;1;147300,00;9 ;2018
2023-07-01;Fóssil;Petróleo;Gás de Alto Forno - PE;1;1200,00;9 ;2018
2023-07-01;Fóssil;Petróleo;Gás de Refinaria;6;315120,00;9 ;2018
2023-07-01;Fóssil;Petróleo;Óleo Combustível;77;4051467,00;9 ;2018
2023-07-01;Fóssil;Petróleo;Óleo Diesel;2148;4397957,00;9 ;2018
2023-07-01;Fóssil;Petróleo;Outros Energéticos de Petróleo;18;1028328,00;9 ;2018
2023-07-01;Biomassa;Agroindustriais;Bagaço de Cana de Açúcar;406;11345247,20;12;2018
2023-07-01;Biomassa;Agroindustriais;Biogás-AGR;3;7951,00;12;2018
2023-07-01;Biomassa;Agroindustriais;Capim Elefante;2;31700,00;12;2018
2023-07-01;Biomassa;Agroindustriais;Casca de Arroz;12;45333,00;12;2018
2023-07-01;Biomassa;Biocombustíveis líquidos;Etanol;1;320,00;12;2018
2023-07-01;Biomassa;Biocombustíveis líquidos;Óleos vegetais;2;4350,40;12;2018
2023-07-01;Biomassa;Floresta;Carvão Vegetal;8;43197,00;12;2018
2023-07-01;Biomassa;Floresta;Gás de Alto Forno - Biomassa;12;127705,05;12;2018
2023-07-01;Biomassa;Floresta;Lenha;5;36015,00;12;2018
2023-07-01;Biomassa;Floresta;Licor Negro;18;2542616,00;12;2018
2023-07-01;Biomassa;Floresta;Resíduos Florestais;56;427697,00;12;2018
2023-07-01;Biomassa;Resíduos animais;Biogás - RA;14;4481,20;12;2018
2023-07-01;Biomassa;Resíduos sólidos urbanos;Biogás - RU;20;133128,00;12;2018
2023-07-01;Biomassa;Resíduos sólidos urbanos;Carvão - RU;2;5250,00;12;2018
2023-07-01;Fóssil;Carvão mineral;Calor de Processo - CM;2;28400,00;12;2018
2023-07-01;Fóssil;Carvão mineral;Carvão Mineral;12;2857740,00;12;2018
2023-07-01;Fóssil;Carvão mineral;Gás de Alto Forno - CM;8;365690,00;12;2018
2023-07-01;Fóssil;Gás natural;Calor de Processo - GN;1;40000,00;12;2018
2023-07-01;Fóssil;Gás natural;Gás Natural;167;13103138,79;12;2018
2023-07-01;Fóssil;Outros Fósseis;Calor de Processo - OF;1;147300,00;12;2018
2023-07-01;Fóssil;Petróleo;Gás de Alto Forno - PE;1;1200,00;12;2018
2023-07-01;Fóssil;Petróleo;Gás de Refinaria;6;315120,00;12;2018
2023-07-01;Fóssil;Petróleo;Óleo Combustível;76;3584902,98;12;2018
2023-07-01;Fóssil;Petróleo;Óleo Diesel;2148;4182610,27;12;2018
2023-07-01;Fóssil;Petróleo;Outros Energéticos de Petróleo;18;1028328,00;12;2018
2023-07-01;Biomassa;Agroindustriais;Bagaço de Cana de Açúcar;407;11352402,20;3 ;2019
2023-07-01;Biomassa;Agroindustriais;Biogás-AGR;3;7951,00;3 ;2019
2023-07-01;Biomassa;Agroindustriais;Capim Elefante;2;31700,00;3 ;2019
2023-07-01;Biomassa;Agroindustriais;Casca de Arroz;13;53333,00;3 ;2019
2023-07-01;Biomassa;Biocombustíveis líquidos;Etanol;1;320,00;3 ;2019
2023-07-01;Biomassa;Biocombustíveis líquidos;Óleos vegetais;2;4350,40;3 ;2019
2023-07-01;Biomassa;Floresta;Carvão Vegetal;8;48197,00;3 ;2019
2023-07-01;Biomassa;Floresta;Gás de Alto Forno - Biomassa;12;127705,05;3 ;2019
2023-07-01;Biomassa;Floresta;Lenha;5;36715,00;3 ;2019
2023-07-01;Biomassa;Floresta;Licor Negro;18;2542616,00;3 ;2019
2023-07-01;Biomassa;Floresta;Resíduos Florestais;58;434117,00;3 ;2019
2023-07-01;Biomassa;Resíduos animais;Biogás - RA;14;4481,20;3 ;2019
2023-07-01;Biomassa;Resíduos sólidos urbanos;Biogás - RU;21;137734,60;3 ;2019
2023-07-01;Biomassa;Resíduos sólidos urbanos;Carvão - RU;2;5250,00;3 ;2019
2023-07-01;Fóssil;Carvão mineral;Calor de Processo - CM;2;28400,00;3 ;2019
2023-07-01;Fóssil;Carvão mineral;Carvão Mineral;12;2857740,00;3 ;2019
2023-07-01;Fóssil;Carvão mineral;Gás de Alto Forno - CM;8;365690,00;3 ;2019
2023-07-01;Fóssil;Gás natural;Calor de Processo - GN;1;40000,00;3 ;2019
2023-07-01;Fóssil;Gás natural;Gás Natural;168;13329418,79;3 ;2019
2023-07-01;Fóssil;Outros Fósseis;Calor de Processo - OF;3;157950,00;3 ;2019
2023-07-01;Fóssil;Petróleo;Gás de Alto Forno - PE;1;1200,00;3 ;2019
2023-07-01;Fóssil;Petróleo;Gás de Refinaria;6;319530,00;3 ;2019
2023-07-01;Fóssil;Petróleo;Óleo Combustível;77;3344179,38;3 ;2019
2023-07-01;Fóssil;Petróleo;Óleo Diesel;2148;4184051,27;3 ;2019
2023-07-01;Fóssil;Petróleo;Outros Energéticos de Petróleo;17;1023328,00;3 ;2019
2023-07-01;Biomassa;Agroindustriais;Bagaço de Cana de Açúcar;405;11404802,20;6 ;2019
2023-07-01;Biomassa;Agroindustriais;Biogás-AGR;3;7951,00;6 ;2019
2023-07-01;Biomassa;Agroindustriais;Capim Elefante;2;31700,00;6 ;2019
2023-07-01;Biomassa;Agroindustriais;Casca de Arroz;13;53333,00;6 ;2019
2023-07-01;Biomassa;Biocombustíveis líquidos;Etanol;1;320,00;6 ;2019
2023-07-01;Biomassa;Biocombustíveis líquidos;Óleos vegetais;2;4350,40;6 ;2019
2023-07-01;Biomassa;Floresta;Carvão Vegetal;8;48197,00;6 ;2019
2023-07-01;Biomassa;Floresta;Gás de Alto Forno - Biomassa;12;127705,05;6 ;2019
2023-07-01;Biomassa;Floresta;Lenha;5;36715,00;6 ;2019
2023-07-01;Biomassa;Floresta;Licor Negro;18;2542616,00;6 ;2019
2023-07-01;Biomassa;Floresta;Resíduos Florestais;58;434117,00;6 ;2019
2023-07-01;Biomassa;Resíduos animais;Biogás - RA;14;4481,20;6 ;2019
2023-07-01;Biomassa;Resíduos sólidos urbanos;Biogás - RU;22;154666,60;6 ;2019
2023-07-01;Biomassa;Resíduos sólidos urbanos;Carvão - RU;2;5250,00;6 ;2019
2023-07-01;Fóssil;Carvão mineral;Calor de Processo - CM;2;28400,00;6 ;2019
2023-07-01;Fóssil;Carvão mineral;Carvão Mineral;12;2857740,00;6 ;2019
2023-07-01;Fóssil;Carvão mineral;Gás de Alto Forno - CM;8;365690,00;6 ;2019
2023-07-01;Fóssil;Gás natural;Calor de Processo - GN;1;40000,00;6 ;2019
2023-07-01;Fóssil;Gás natural;Gás Natural;166;13314418,79;6 ;2019
2023-07-01;Fóssil;Outros Fósseis;Calor de Processo - OF;3;157950,00;6 ;2019
2023-07-01;Fóssil;Petróleo;Gás de Alto Forno - PE;1;1200,00;6 ;2019
2023-07-01;Fóssil;Petróleo;Gás de Refinaria;6;319530,00;6 ;2019
2023-07-01;Fóssil;Petróleo;Óleo Combustível;76;3344047,38;6 ;2019
2023-07-01;Fóssil;Petróleo;Óleo Diesel;2157;4145050,27;6 ;2019
2023-07-01;Fóssil;Petróleo;Outros Energéticos de Petróleo;17;1023328,00;6 ;2019
2023-07-01;Biomassa;Agroindustriais;Bagaço de Cana de Açúcar;404;11400822,20;9 ;2019
2023-07-01;Biomassa;Agroindustriais;Biogás-AGR;3;7951,00;9 ;2019
2023-07-01;Biomassa;Agroindustriais;Capim Elefante;2;31700,00;9 ;2019
2023-07-01;Biomassa;Agroindustriais;Casca de Arroz;13;53333,00;9 ;2019
2023-07-01;Biomassa;Biocombustíveis líquidos;Etanol;1;320,00;9 ;2019
2023-07-01;Biomassa;Biocombustíveis líquidos;Óleos vegetais;2;4350,40;9 ;2019
2023-07-01;Biomassa;Floresta;Carvão Vegetal;8;48197,00;9 ;2019
2023-07-01;Biomassa;Floresta;Gás de Alto Forno - Biomassa;12;127705,05;9 ;2019
2023-07-01;Biomassa;Floresta;Lenha;6;39915,00;9 ;2019
2023-07-01;Biomassa;Floresta;Licor Negro;18;2530719,00;9 ;2019
2023-07-01;Biomassa;Floresta;Resíduos Florestais;58;434117,00;9 ;2019
2023-07-01;Biomassa;Resíduos animais;Biogás - RA;14;4481,20;9 ;2019
2023-07-01;Biomassa;Resíduos sólidos urbanos;Biogás - RU;22;164320,60;9 ;2019
2023-07-01;Biomassa;Resíduos sólidos urbanos;Carvão - RU;2;5250,00;9 ;2019
2023-07-01;Biomassa;Resíduos sólidos urbanos;Resíduos Sólidos Urbanos - RU;1;4278,00;9 ;2019
2023-07-01;Fóssil;Carvão mineral;Calor de Processo - CM;2;28400,00;9 ;2019
2023-07-01;Fóssil;Carvão mineral;Carvão Mineral;13;3202740,00;9 ;2019
2023-07-01;Fóssil;Carvão mineral;Gás de Alto Forno - CM;8;365690,00;9 ;2019
2023-07-01;Fóssil;Gás natural;Calor de Processo - GN;1;40000,00;9 ;2019
2023-07-01;Fóssil;Gás natural;Gás Natural;166;13404532,79;9 ;2019
2023-07-01;Fóssil;Outros Fósseis;Calor de Processo - OF;4;165970,00;9 ;2019
2023-07-01;Fóssil;Petróleo;Gás de Alto Forno - PE;1;1200,00;9 ;2019
2023-07-01;Fóssil;Petróleo;Gás de Refinaria;6;319530,00;9 ;2019
2023-07-01;Fóssil;Petróleo;Óleo Combustível;75;3319055,38;9 ;2019
2023-07-01;Fóssil;Petróleo;Óleo Diesel;2163;4221068,87;9 ;2019
2023-07-01;Fóssil;Petróleo;Outros Energéticos de Petróleo;17;1023328,00;9 ;2019
2023-07-01;Biomassa;Agroindustriais;Bagaço de Cana de Açúcar;405;11447902,20;12;2019
2023-07-01;Biomassa;Agroindustriais;Biogás-AGR;3;7951,00;12;2019
2023-07-01;Biomassa;Agroindustriais;Capim Elefante;2;31700,00;12;2019
2023-07-01;Biomassa;Agroindustriais;Casca de Arroz;13;53333,00;12;2019
2023-07-01;Biomassa;Biocombustíveis líquidos;Etanol;1;320,00;12;2019
2023-07-01;Biomassa;Biocombustíveis líquidos;Óleos vegetais;2;4350,40;12;2019
2023-07-01;Biomassa;Floresta;Biogás - Floresta;1;5000,00;12;2019
2023-07-01;Biomassa;Floresta;Carvão Vegetal;8;48197,00;12;2019
2023-07-01;Biomassa;Floresta;Gás de Alto Forno - Biomassa;12;127705,05;12;2019
2023-07-01;Biomassa;Floresta;Lenha;7;82215,00;12;2019
2023-07-01;Biomassa;Floresta;Licor Negro;18;2530719,00;12;2019
2023-07-01;Biomassa;Floresta;Resíduos Florestais;58;447717,00;12;2019
2023-07-01;Biomassa;Resíduos animais;Biogás - RA;14;4481,20;12;2019
2023-07-01;Biomassa;Resíduos sólidos urbanos;Biogás - RU;22;168598,60;12;2019
2023-07-01;Biomassa;Resíduos sólidos urbanos;Carvão - RU;3;8250,00;12;2019
2023-07-01;Biomassa;Resíduos sólidos urbanos;Resíduos Sólidos Urbanos - RU;1;4278,00;12;2019
2023-07-01;Fóssil;Carvão mineral;Calor de Processo - CM;2;28400,00;12;2019
2023-07-01;Fóssil;Carvão mineral;Carvão Mineral;13;3202740,00;12;2019
2023-07-01;Fóssil;Carvão mineral;Gás de Alto Forno - CM;8;365690,00;12;2019
2023-07-01;Fóssil;Gás natural;Calor de Processo - GN;1;40000,00;12;2019
2023-07-01;Fóssil;Gás natural;Gás Natural;164;13352732,79;12;2019
2023-07-01;Fóssil;Outros Fósseis;Calor de Processo - OF;4;165970,00;12;2019
2023-07-01;Fóssil;Petróleo;Gás de Alto Forno - PE;1;1200,00;12;2019
2023-07-01;Fóssil;Petróleo;Gás de Refinaria;6;319530,00;12;2019
2023-07-01;Fóssil;Petróleo;Óleo Combustível;75;3301595,38;12;2019
2023-07-01;Fóssil;Petróleo;Óleo Diesel;2174;4353157,97;12;2019
2023-07-01;Fóssil;Petróleo;Outros Energéticos de Petróleo;17;1023328,00;12;2019
2023-07-01;Biomassa;Agroindustriais;Bagaço de Cana de Açúcar;405;11489702,20;3 ;2020
2023-07-01;Biomassa;Agroindustriais;Biogás-AGR;3;7951,00;3 ;2020
2023-07-01;Biomassa;Agroindustriais;Capim Elefante;2;31700,00;3 ;2020
2023-07-01;Biomassa;Agroindustriais;Casca de Arroz;13;53333,00;3 ;2020
2023-07-01;Biomassa;Biocombustíveis líquidos;Etanol;1;320,00;3 ;2020
2023-07-01;Biomassa;Biocombustíveis líquidos;Óleos vegetais;2;4350,40;3 ;2020
2023-07-01;Biomassa;Floresta;Biogás - Floresta;1;5000,00;3 ;2020
2023-07-01;Biomassa;Floresta;Carvão Vegetal;8;48197,00;3 ;2020
2023-07-01;Biomassa;Floresta;Gás de Alto Forno - Biomassa;12;127705,05;3 ;2020
2023-07-01;Biomassa;Floresta;Lenha;7;82215,00;3 ;2020
2023-07-01;Biomassa;Floresta;Licor Negro;18;2530719,00;3 ;2020
2023-07-01;Biomassa;Floresta;Resíduos Florestais;60;461317,00;3 ;2020
2023-07-01;Biomassa;Resíduos animais;Biogás - RA;14;4481,20;3 ;2020
2023-07-01;Biomassa;Resíduos sólidos urbanos;Biogás - RU;22;172786,60;3 ;2020
2023-07-01;Biomassa;Resíduos sólidos urbanos;Carvão - RU;3;8250,00;3 ;2020
2023-07-01;Biomassa;Resíduos sólidos urbanos;Resíduos Sólidos Urbanos - RU;1;4278,00;3 ;2020
2023-07-01;Fóssil;Carvão mineral;Calor de Processo - CM;2;28400,00;3 ;2020
2023-07-01;Fóssil;Carvão mineral;Carvão Mineral;13;3202740,00;3 ;2020
2023-07-01;Fóssil;Carvão mineral;Gás de Alto Forno - CM;8;365690,00;3 ;2020
2023-07-01;Fóssil;Gás natural;Calor de Processo - GN;1;40000,00;3 ;2020
2023-07-01;Fóssil;Gás natural;Gás Natural;166;14574422,79;3 ;2020
2023-07-01;Fóssil;Outros Fósseis;Calor de Processo - OF;4;165970,00;3 ;2020
2023-07-01;Fóssil;Petróleo;Gás de Alto Forno - PE;1;1200,00;3 ;2020
2023-07-01;Fóssil;Petróleo;Gás de Refinaria;6;319530,00;3 ;2020
2023-07-01;Fóssil;Petróleo;Óleo Combustível;75;3301595,38;3 ;2020
2023-07-01;Fóssil;Petróleo;Óleo Diesel;2189;4440334,97;3 ;2020
2023-07-01;Fóssil;Petróleo;Outros Energéticos de Petróleo;17;1023328,00;3 ;2020
2023-07-01;Biomassa;Agroindustriais;Bagaço de Cana de Açúcar;407;11627702,20;6 ;2020
2023-07-01;Biomassa;Agroindustriais;Biogás-AGR;3;7951,00;6 ;2020
2023-07-01;Biomassa;Agroindustriais;Capim Elefante;2;31700,00;6 ;2020
2023-07-01;Biomassa;Agroindustriais;Casca de Arroz;13;53333,00;6 ;2020
2023-07-01;Biomassa;Biocombustíveis líquidos;Etanol;1;320,00;6 ;2020
2023-07-01;Biomassa;Biocombustíveis líquidos;Óleos vegetais;2;4350,40;6 ;2020
2023-07-01;Biomassa;Floresta;Biogás - Floresta;1;5000,00;6 ;2020
2023-07-01;Biomassa;Floresta;Carvão Vegetal;8;48197,00;6 ;2020
2023-07-01;Biomassa;Floresta;Gás de Alto Forno - Biomassa;12;127705,05;6 ;2020
2023-07-01;Biomassa;Floresta;Lenha;7;82215,00;6 ;2020
2023-07-01;Biomassa;Floresta;Licor Negro;18;2530719,00;6 ;2020
2023-07-01;Biomassa;Floresta;Resíduos Florestais;60;461317,00;6 ;2020
2023-07-01;Biomassa;Resíduos animais;Biogás - RA;14;4481,20;6 ;2020
2023-07-01;Biomassa;Resíduos sólidos urbanos;Biogás - RU;21;168508,60;6 ;2020
2023-07-01;Biomassa;Resíduos sólidos urbanos;Carvão - RU;3;8250,00;6 ;2020
2023-07-01;Biomassa;Resíduos sólidos urbanos;Resíduos Sólidos Urbanos - RU;1;4278,00;6 ;2020
2023-07-01;Fóssil;Carvão mineral;Calor de Processo - CM;2;28400,00;6 ;2020
2023-07-01;Fóssil;Carvão mineral;Carvão Mineral;13;3202740,00;6 ;2020
2023-07-01;Fóssil;Carvão mineral;Gás de Alto Forno - CM;8;365690,00;6 ;2020
2023-07-01;Fóssil;Gás natural;Calor de Processo - GN;1;40000,00;6 ;2020
2023-07-01;Fóssil;Gás natural;Gás Natural;165;14903036,79;6 ;2020
2023-07-01;Fóssil;Outros Fósseis;Calor de Processo - OF;4;165970,00;6 ;2020
2023-07-01;Fóssil;Petróleo;Gás de Alto Forno - PE;1;1200,00;6 ;2020
2023-07-01;Fóssil;Petróleo;Gás de Refinaria;6;319530,00;6 ;2020
2023-07-01;Fóssil;Petróleo;Óleo Combustível;75;3301595,38;6 ;2020
2023-07-01;Fóssil;Petróleo;Óleo Diesel;2193;4441101,97;6 ;2020
2023-07-01;Fóssil;Petróleo;Outros Energéticos de Petróleo;17;1023328,00;6 ;2020
2023-07-01;Biomassa;Agroindustriais;Bagaço de Cana de Açúcar;406;11600902,20;9 ;2020
2023-07-01;Biomassa;Agroindustriais;Biogás-AGR;4;19891,00;9 ;2020
2023-07-01;Biomassa;Agroindustriais;Capim Elefante;2;31700,00;9 ;2020
2023-07-01;Biomassa;Agroindustriais;Casca de Arroz;13;53333,00;9 ;2020
2023-07-01;Biomassa;Biocombustíveis líquidos;Etanol;1;320,00;9 ;2020
2023-07-01;Biomassa;Biocombustíveis líquidos;Óleos vegetais;2;4350,40;9 ;2020
2023-07-01;Biomassa;Floresta;Biogás - Floresta;1;5000,00;9 ;2020
2023-07-01;Biomassa;Floresta;Carvão Vegetal;8;48197,00;9 ;2020
2023-07-01;Biomassa;Floresta;Gás de Alto Forno - Biomassa;12;127705,05;9 ;2020
2023-07-01;Biomassa;Floresta;Lenha;8;104575,00;9 ;2020
2023-07-01;Biomassa;Floresta;Licor Negro;18;2530719,00;9 ;2020
2023-07-01;Biomassa;Floresta;Resíduos Florestais;60;473317,00;9 ;2020
2023-07-01;Biomassa;Resíduos animais;Biogás - RA;14;4481,20;9 ;2020
2023-07-01;Biomassa;Resíduos sólidos urbanos;Biogás - RU;21;168508,60;9 ;2020
2023-07-01;Biomassa;Resíduos sólidos urbanos;Carvão - RU;3;8250,00;9 ;2020
2023-07-01;Biomassa;Resíduos sólidos urbanos;Resíduos Sólidos Urbanos - RU;1;4278,00;9 ;2020
2023-07-01;Fóssil;Carvão mineral;Calor de Processo - CM;2;28400,00;9 ;2020
2023-07-01;Fóssil;Carvão mineral;Carvão Mineral;13;3202740,00;9 ;2020
2023-07-01;Fóssil;Carvão mineral;Gás de Alto Forno - CM;7;351690,00;9 ;2020
2023-07-01;Fóssil;Gás natural;Calor de Processo - GN;1;40000,00;9 ;2020
2023-07-01;Fóssil;Gás natural;Gás Natural;166;14912840,79;9 ;2020
2023-07-01;Fóssil;Outros Fósseis;Calor de Processo - OF;4;165970,00;9 ;2020
2023-07-01;Fóssil;Petróleo;Gás de Alto Forno - PE;1;1200,00;9 ;2020
2023-07-01;Fóssil;Petróleo;Gás de Refinaria;6;319530,00;9 ;2020
2023-07-01;Fóssil;Petróleo;Óleo Combustível;75;3351595,38;9 ;2020
2023-07-01;Fóssil;Petróleo;Óleo Diesel;2198;4440343,27;9 ;2020
2023-07-01;Fóssil;Petróleo;Outros Energéticos de Petróleo;17;1023328,00;9 ;2020
2023-07-01;Biomassa;Agroindustriais;Bagaço de Cana de Açúcar;409;11691022,20;12;2020
2023-07-01;Biomassa;Agroindustriais;Biogás-AGR;4;25861,00;12;2020
2023-07-01;Biomassa;Agroindustriais;Capim Elefante;2;31700,00;12;2020
2023-07-01;Biomassa;Agroindustriais;Casca de Arroz;13;53333,00;12;2020
2023-07-01;Biomassa;Biocombustíveis líquidos;Etanol;1;320,00;12;2020
2023-07-01;Biomassa;Biocombustíveis líquidos;Óleos vegetais;2;4350,40;12;2020
2023-07-01;Biomassa;Floresta;Biogás - Floresta;1;5000,00;12;2020
2023-07-01;Biomassa;Floresta;Carvão Vegetal;7;38197,00;12;2020
2023-07-01;Biomassa;Floresta;Gás de Alto Forno - Biomassa;12;127705,05;12;2020
2023-07-01;Biomassa;Floresta;Lenha;8;104575,00;12;2020
2023-07-01;Biomassa;Floresta;Licor Negro;18;2530719,00;12;2020
2023-07-01;Biomassa;Floresta;Resíduos Florestais;60;473317,00;12;2020
2023-07-01;Biomassa;Resíduos animais;Biogás - RA;15;4741,20;12;2020
2023-07-01;Biomassa;Resíduos sólidos urbanos;Biogás - RU;21;169934,60;12;2020
2023-07-01;Biomassa;Resíduos sólidos urbanos;Carvão - RU;3;8250,00;12;2020
2023-07-01;Biomassa;Resíduos sólidos urbanos;Resíduos Sólidos Urbanos - RU;1;4278,00;12;2020
2023-07-01;Fóssil;Carvão mineral;Calor de Processo - CM;2;28400,00;12;2020
2023-07-01;Fóssil;Carvão mineral;Carvão Mineral;13;3202740,00;12;2020
2023-07-01;Fóssil;Carvão mineral;Gás de Alto Forno - CM;7;351690,00;12;2020
2023-07-01;Fóssil;Gás natural;Calor de Processo - GN;1;40000,00;12;2020
2023-07-01;Fóssil;Gás natural;Gás Natural;164;14905664,39;12;2020
2023-07-01;Fóssil;Outros Fósseis;Calor de Processo - OF;4;165970,00;12;2020
2023-07-01;Fóssil;Petróleo;Gás de Alto Forno - PE;1;1200,00;12;2020
2023-07-01;Fóssil;Petróleo;Gás de Refinaria;6;319530,00;12;2020
2023-07-01;Fóssil;Petróleo;Óleo Combustível;74;3241595,38;12;2020
2023-07-01;Fóssil;Petróleo;Óleo Diesel;2204;4439398,17;12;2020
2023-07-01;Fóssil;Petróleo;Outros Energéticos de Petróleo;16;1010608,00;12;2020
2023-07-01;Biomassa;Agroindustriais;Bagaço de Cana de Açúcar;410;11671707,20;3 ;2021
2023-07-01;Biomassa;Agroindustriais;Biogás-AGR;4;28844,00;3 ;2021
2023-07-01;Biomassa;Agroindustriais;Capim Elefante;2;31700,00;3 ;2021
2023-07-01;Biomassa;Agroindustriais;Casca de Arroz;13;53333,00;3 ;2021
2023-07-01;Biomassa;Biocombustíveis líquidos;Etanol;1;320,00;3 ;2021
2023-07-01;Biomassa;Biocombustíveis líquidos;Óleos vegetais;2;4350,40;3 ;2021
2023-07-01;Biomassa;Floresta;Biogás - Floresta;1;5000,00;3 ;2021
2023-07-01;Biomassa;Floresta;Carvão Vegetal;7;38197,00;3 ;2021
2023-07-01;Biomassa;Floresta;Gás de Alto Forno - Biomassa;12;127705,05;3 ;2021
2023-07-01;Biomassa;Floresta;Lenha;8;104575,00;3 ;2021
2023-07-01;Biomassa;Floresta;Licor Negro;18;2530719,00;3 ;2021
2023-07-01;Biomassa;Floresta;Resíduos Florestais;60;473317,00;3 ;2021
2023-07-01;Biomassa;Resíduos animais;Biogás - RA;15;4741,20;3 ;2021
2023-07-01;Biomassa;Resíduos sólidos urbanos;Biogás - RU;22;173311,60;3 ;2021
2023-07-01;Biomassa;Resíduos sólidos urbanos;Carvão - RU;3;8250,00;3 ;2021
2023-07-01;Biomassa;Resíduos sólidos urbanos;Resíduos Sólidos Urbanos - RU;1;4278,00;3 ;2021
2023-07-01;Fóssil;Carvão mineral;Calor de Processo - CM;2;28400,00;3 ;2021
2023-07-01;Fóssil;Carvão mineral;Carvão Mineral;13;3202740,00;3 ;2021
2023-07-01;Fóssil;Carvão mineral;Gás de Alto Forno - CM;7;351690,00;3 ;2021
2023-07-01;Fóssil;Gás natural;Calor de Processo - GN;1;40000,00;3 ;2021
2023-07-01;Fóssil;Gás natural;Gás Natural;163;14785664,39;3 ;2021
2023-07-01;Fóssil;Outros Fósseis;Calor de Processo - OF;4;165970,00;3 ;2021
2023-07-01;Fóssil;Petróleo;Gás de Alto Forno - PE;1;1200,00;3 ;2021
2023-07-01;Fóssil;Petróleo;Gás de Refinaria;6;319530,00;3 ;2021
2023-07-01;Fóssil;Petróleo;Óleo Combustível;73;3110595,38;3 ;2021
2023-07-01;Fóssil;Petróleo;Óleo Diesel;2215;4486970,17;3 ;2021
2023-07-01;Fóssil;Petróleo;Outros Energéticos de Petróleo;16;1010608,00;3 ;2021
2023-07-01;Biomassa;Agroindustriais;Bagaço de Cana de Açúcar;411;11670192,20;6 ;2021
2023-07-01;Biomassa;Agroindustriais;Biogás-AGR;4;28844,00;6 ;2021
2023-07-01;Biomassa;Agroindustriais;Capim Elefante;2;31700,00;6 ;2021
2023-07-01;Biomassa;Agroindustriais;Casca de Arroz;13;53333,00;6 ;2021
2023-07-01;Biomassa;Biocombustíveis líquidos;Etanol;1;320,00;6 ;2021
2023-07-01;Biomassa;Biocombustíveis líquidos;Óleos vegetais;2;4350,40;6 ;2021
2023-07-01;Biomassa;Floresta;Biogás - Floresta;1;5000,00;6 ;2021
2023-07-01;Biomassa;Floresta;Carvão Vegetal;7;38197,00;6 ;2021
2023-07-01;Biomassa;Floresta;Gás de Alto Forno - Biomassa;12;127705,05;6 ;2021
2023-07-01;Biomassa;Floresta;Lenha;8;104575,00;6 ;2021
2023-07-01;Biomassa;Floresta;Licor Negro;18;2530659,00;6 ;2021
2023-07-01;Biomassa;Floresta;Resíduos Florestais;62;553317,00;6 ;2021
2023-07-01;Biomassa;Resíduos animais;Biogás - RA;15;4741,20;6 ;2021
2023-07-01;Biomassa;Resíduos sólidos urbanos;Biogás - RU;22;171885,60;6 ;2021
2023-07-01;Biomassa;Resíduos sólidos urbanos;Carvão - RU;3;8250,00;6 ;2021
2023-07-01;Biomassa;Resíduos sólidos urbanos;Resíduos Sólidos Urbanos - RU;4;16758,00;6 ;2021
2023-07-01;Fóssil;Carvão mineral;Calor de Processo - CM;2;28400,00;6 ;2021
2023-07-01;Fóssil;Carvão mineral;Carvão Mineral;13;3202740,00;6 ;2021
2023-07-01;Fóssil;Carvão mineral;Gás de Alto Forno - CM;7;351690,00;6 ;2021
2023-07-01;Fóssil;Gás natural;Calor de Processo - GN;1;40000,00;6 ;2021
2023-07-01;Fóssil;Gás natural;Gás Natural;163;14781634,39;6 ;2021
2023-07-01;Fóssil;Outros Fósseis;Calor de Processo - OF;4;165970,00;6 ;2021
2023-07-01;Fóssil;Petróleo;Gás de Alto Forno - PE;1;1200,00;6 ;2021
2023-07-01;Fóssil;Petróleo;Gás de Refinaria;6;319530,00;6 ;2021
2023-07-01;Fóssil;Petróleo;Óleo Combustível;68;3110528,98;6 ;2021
2023-07-01;Fóssil;Petróleo;Óleo Diesel;2224;4534636,77;6 ;2021
2023-07-01;Fóssil;Petróleo;Outros Energéticos de Petróleo;16;1010608,00;6 ;2021
2023-07-01;Biomassa;Agroindustriais;Bagaço de Cana de Açúcar;412;11773763,18;9 ;2021
2023-07-01;Biomassa;Agroindustriais;Biogás-AGR;4;31867,00;9 ;2021
2023-07-01;Biomassa;Agroindustriais;Capim Elefante;2;31700,00;9 ;2021
2023-07-01;Biomassa;Agroindustriais;Casca de Arroz;13;53333,00;9 ;2021
2023-07-01;Biomassa;Biocombustíveis líquidos;Etanol;1;320,00;9 ;2021
2023-07-01;Biomassa;Biocombustíveis líquidos;Óleos vegetais;2;4350,40;9 ;2021
2023-07-01;Biomassa;Floresta;Biogás - Floresta;1;5000,00;9 ;2021
2023-07-01;Biomassa;Floresta;Carvão Vegetal;7;38197,00;9 ;2021
2023-07-01;Biomassa;Floresta;Gás de Alto Forno - Biomassa;12;127705,05;9 ;2021
2023-07-01;Biomassa;Floresta;Lenha;8;104575,00;9 ;2021
2023-07-01;Biomassa;Floresta;Licor Negro;18;2530659,00;9 ;2021
2023-07-01;Biomassa;Floresta;Resíduos Florestais;63;603010,00;9 ;2021
2023-07-01;Biomassa;Resíduos animais;Biogás - RA;15;4741,20;9 ;2021
2023-07-01;Biomassa;Resíduos sólidos urbanos;Biogás - RU;23;180441,60;9 ;2021
2023-07-01;Biomassa;Resíduos sólidos urbanos;Carvão - RU;3;8250,00;9 ;2021
2023-07-01;Biomassa;Resíduos sólidos urbanos;Resíduos Sólidos Urbanos - RU;5;24288,00;9 ;2021
2023-07-01;Fóssil;Carvão mineral;Calor de Processo - CM;2;28400,00;9 ;2021
2023-07-01;Fóssil;Carvão mineral;Carvão Mineral;13;3202740,00;9 ;2021
2023-07-01;Fóssil;Carvão mineral;Gás de Alto Forno - CM;7;351690,00;9 ;2021
2023-07-01;Fóssil;Gás natural;Calor de Processo - GN;1;40000,00;9 ;2021
2023-07-01;Fóssil;Gás natural;Gás Natural;165;16221360,39;9 ;2021
2023-07-01;Fóssil;Outros Fósseis;Calor de Processo - OF;4;165970,00;9 ;2021
2023-07-01;Fóssil;Petróleo;Gás de Alto Forno - PE;1;1200,00;9 ;2021
2023-07-01;Fóssil;Petróleo;Gás de Refinaria;6;319530,00;9 ;2021
2023-07-01;Fóssil;Petróleo;Óleo Combustível;68;3110528,98;9 ;2021
2023-07-01;Fóssil;Petróleo;Óleo Diesel;2228;4604348,77;9 ;2021
2023-07-01;Fóssil;Petróleo;Outros Energéticos de Petróleo;16;998108,00;9 ;2021
2023-07-01;Biomassa;Agroindustriais;Bagaço de Cana de Açúcar;413;11657646,20;12;2021
2023-07-01;Biomassa;Agroindustriais;Biogás-AGR;4;31867,00;12;2021
2023-07-01;Biomassa;Agroindustriais;Capim Elefante;2;31700,00;12;2021
2023-07-01;Biomassa;Agroindustriais;Casca de Arroz;13;53333,00;12;2021
2023-07-01;Biomassa;Biocombustíveis líquidos;Etanol;1;320,00;12;2021
2023-07-01;Biomassa;Biocombustíveis líquidos;Óleos vegetais;2;4350,40;12;2021
2023-07-01;Biomassa;Floresta;Biogás - Floresta;1;5000,00;12;2021
2023-07-01;Biomassa;Floresta;Carvão Vegetal;7;38197,00;12;2021
2023-07-01;Biomassa;Floresta;Gás de Alto Forno - Biomassa;12;127705,05;12;2021
2023-07-01;Biomassa;Floresta;Lenha;9;137075,00;12;2021
2023-07-01;Biomassa;Floresta;Licor Negro;19;2938386,00;12;2021
2023-07-01;Biomassa;Floresta;Resíduos Florestais;63;603010,00;12;2021
2023-07-01;Biomassa;Resíduos animais;Biogás - RA;15;4741,20;12;2021
2023-07-01;Biomassa;Resíduos sólidos urbanos;Biogás - RU;24;186144,80;12;2021
2023-07-01;Biomassa;Resíduos sólidos urbanos;Carvão - RU;3;8250,00;12;2021
2023-07-01;Biomassa;Resíduos sólidos urbanos;Resíduos Sólidos Urbanos - RU;5;19608,00;12;2021
2023-07-01;Fóssil;Carvão mineral;Calor de Processo - CM;2;28400,00;12;2021
2023-07-01;Fóssil;Carvão mineral;Carvão Mineral;13;3202740,00;12;2021
2023-07-01;Fóssil;Carvão mineral;Gás de Alto Forno - CM;7;351690,00;12;2021
2023-07-01;Fóssil;Gás natural;Calor de Processo - GN;1;40000,00;12;2021
2023-07-01;Fóssil;Gás natural;Gás Natural;166;16188939,39;12;2021
2023-07-01;Fóssil;Outros Fósseis;Calor de Processo - OF;4;165970,00;12;2021
2023-07-01;Fóssil;Petróleo;Gás de Alto Forno - PE;1;1200,00;12;2021
2023-07-01;Fóssil;Petróleo;Gás de Refinaria;6;319530,00;12;2021
2023-07-01;Fóssil;Petróleo;Óleo Combustível;68;3103150,48;12;2021
2023-07-01;Fóssil;Petróleo;Óleo Diesel;2226;4549263,77;12;2021
2023-07-01;Fóssil;Petróleo;Outros Energéticos de Petróleo;16;991108,00;12;2021
2023-07-01;Biomassa;Agroindustriais;Bagaço de Cana de Açúcar;413;11528046,20;3 ;2022
2023-07-01;Biomassa;Agroindustriais;Biogás-AGR;4;31867,00;3 ;2022
2023-07-01;Biomassa;Agroindustriais;Capim Elefante;2;31700,00;3 ;2022
2023-07-01;Biomassa;Agroindustriais;Casca de Arroz;13;53333,00;3 ;2022
2023-07-01;Biomassa;Biocombustíveis líquidos;Etanol;1;320,00;3 ;2022
2023-07-01;Biomassa;Biocombustíveis líquidos;Óleos vegetais;4;5630,40;3 ;2022
2023-07-01;Biomassa;Floresta;Biogás - Floresta;1;5000,00;3 ;2022
2023-07-01;Biomassa;Floresta;Carvão Vegetal;7;38197,00;3 ;2022
2023-07-01;Biomassa;Floresta;Gás de Alto Forno - Biomassa;12;127705,05;3 ;2022
2023-07-01;Biomassa;Floresta;Lenha;9;137075,00;3 ;2022
2023-07-01;Biomassa;Floresta;Licor Negro;20;3073186,00;3 ;2022
2023-07-01;Biomassa;Floresta;Resíduos Florestais;65;609710,00;3 ;2022
2023-07-01;Biomassa;Resíduos animais;Biogás - RA;16;4891,20;3 ;2022
2023-07-01;Biomassa;Resíduos sólidos urbanos;Biogás - RU;24;186855,60;3 ;2022
2023-07-01;Biomassa;Resíduos sólidos urbanos;Carvão - RU;3;8250,00;3 ;2022
2023-07-01;Biomassa;Resíduos sólidos urbanos;Resíduos Sólidos Urbanos - RU;6;20608,00;3 ;2022
2023-07-01;Fóssil;Carvão mineral;Calor de Processo - CM;2;28400,00;3 ;2022
2023-07-01;Fóssil;Carvão mineral;Carvão Mineral;13;3202740,00;3 ;2022
2023-07-01;Fóssil;Carvão mineral;Gás de Alto Forno - CM;7;351690,00;3 ;2022
2023-07-01;Fóssil;Gás natural;Calor de Processo - GN;1;40000,00;3 ;2022
2023-07-01;Fóssil;Gás natural;Gás Natural;167;16337904,39;3 ;2022
2023-07-01;Fóssil;Outros Fósseis;Calor de Processo - OF;4;165970,00;3 ;2022
2023-07-01;Fóssil;Petróleo;Gás de Alto Forno - PE;1;1200,00;3 ;2022
2023-07-01;Fóssil;Petróleo;Gás de Refinaria;6;319530,00;3 ;2022
2023-07-01;Fóssil;Petróleo;Óleo Combustível;49;3102317,28;3 ;2022
2023-07-01;Fóssil;Petróleo;Óleo Diesel;2248;4557453,59;3 ;2022
2023-07-01;Fóssil;Petróleo;Outros Energéticos de Petróleo;16;985108,00;3 ;2022
2023-07-01;Biomassa;Agroindustriais;Bagaço de Cana de Açúcar;415;11578046,20;6 ;2022
2023-07-01;Biomassa;Agroindustriais;Biogás-AGR;4;31867,00;6 ;2022
2023-07-01;Biomassa;Agroindustriais;Capim Elefante;2;31700,00;6 ;2022
2023-07-01;Biomassa;Agroindustriais;Casca de Arroz;13;53333,00;6 ;2022
2023-07-01;Biomassa;Biocombustíveis líquidos;Etanol;1;320,00;6 ;2022
2023-07-01;Biomassa;Biocombustíveis líquidos;Óleos vegetais;4;5630,40;6 ;2022
2023-07-01;Biomassa;Floresta;Biogás - Floresta;1;5000,00;6 ;2022
2023-07-01;Biomassa;Floresta;Carvão Vegetal;7;38197,00;6 ;2022
2023-07-01;Biomassa;Floresta;Gás de Alto Forno - Biomassa;12;127705,05;6 ;2022
2023-07-01;Biomassa;Floresta;Lenha;10;163075,00;6 ;2022
2023-07-01;Biomassa;Floresta;Licor Negro;21;3275886,00;6 ;2022
2023-07-01;Biomassa;Floresta;Resíduos Florestais;70;652210,00;6 ;2022
2023-07-01;Biomassa;Resíduos animais;Biogás - RA;16;4891,20;6 ;2022
2023-07-01;Biomassa;Resíduos sólidos urbanos;Biogás - RU;24;186855,60;6 ;2022
2023-07-01;Biomassa;Resíduos sólidos urbanos;Carvão - RU;3;8250,00;6 ;2022
2023-07-01;Biomassa;Resíduos sólidos urbanos;Resíduos Sólidos Urbanos - RU;7;23413,00;6 ;2022
2023-07-01;Fóssil;Carvão mineral;Calor de Processo - CM;2;28400,00;6 ;2022
2023-07-01;Fóssil;Carvão mineral;Carvão Mineral;13;3202740,00;6 ;2022
2023-07-01;Fóssil;Carvão mineral;Gás de Alto Forno - CM;7;351690,00;6 ;2022
2023-07-01;Fóssil;Gás natural;Calor de Processo - GN;1;40000,00;6 ;2022
2023-07-01;Fóssil;Gás natural;Gás Natural;168;16326426,39;6 ;2022
2023-07-01;Fóssil;Outros Fósseis;Calor de Processo - OF;4;165970,00;6 ;2022
2023-07-01;Fóssil;Petróleo;Gás de Alto Forno - PE;1;1200,00;6 ;2022
2023-07-01;Fóssil;Petróleo;Gás de Refinaria;7;419530,00;6 ;2022
2023-07-01;Fóssil;Petróleo;Óleo Combustível;47;3002307,28;6 ;2022
2023-07-01;Fóssil;Petróleo;Óleo Diesel;2245;4455396,59;6 ;2022
2023-07-01;Fóssil;Petróleo;Outros Energéticos de Petróleo;16;985108,00;6 ;2022
2023-07-01;Biomassa;Agroindustriais;Bagaço de Cana de Açúcar;419;11748446,20;9 ;2022
2023-07-01;Biomassa;Agroindustriais;Biogás-AGR;4;31867,00;9 ;2022
2023-07-01;Biomassa;Agroindustriais;Capim Elefante;2;31700,00;9 ;2022
2023-07-01;Biomassa;Agroindustriais;Casca de Arroz;13;53333,00;9 ;2022
2023-07-01;Biomassa;Biocombustíveis líquidos;Etanol;1;320,00;9 ;2022
2023-07-01;Biomassa;Biocombustíveis líquidos;Óleos vegetais;4;5630,40;9 ;2022
2023-07-01;Biomassa;Floresta;Biogás - Floresta;1;5000,00;9 ;2022
2023-07-01;Biomassa;Floresta;Carvão Vegetal;7;38197,00;9 ;2022
2023-07-01;Biomassa;Floresta;Gás de Alto Forno - Biomassa;12;127705,05;9 ;2022
2023-07-01;Biomassa;Floresta;Lenha;10;163075,00;9 ;2022
2023-07-01;Biomassa;Floresta;Licor Negro;21;3275886,00;9 ;2022
2023-07-01;Biomassa;Floresta;Resíduos Florestais;73;717690,00;9 ;2022
2023-07-01;Biomassa;Resíduos animais;Biogás - RA;17;6023,20;9 ;2022
2023-07-01;Biomassa;Resíduos sólidos urbanos;Biogás - RU;26;191707,60;9 ;2022
2023-07-01;Biomassa;Resíduos sólidos urbanos;Carvão - RU;3;8250,00;9 ;2022
2023-07-01;Biomassa;Resíduos sólidos urbanos;Resíduos Sólidos Urbanos - RU;8;24413,00;9 ;2022
2023-07-01;Fóssil;Carvão mineral;Calor de Processo - CM;2;28400,00;9 ;2022
2023-07-01;Fóssil;Carvão mineral;Carvão Mineral;13;3202740,00;9 ;2022
2023-07-01;Fóssil;Carvão mineral;Gás de Alto Forno - CM;7;351690,00;9 ;2022
2023-07-01;Fóssil;Gás natural;Calor de Processo - GN;1;40000,00;9 ;2022
2023-07-01;Fóssil;Gás natural;Gás Natural;173;16706602,95;9 ;2022
2023-07-01;Fóssil;Outros Fósseis;Calor de Processo - OF;4;165970,00;9 ;2022
2023-07-01;Fóssil;Petróleo;Gás de Alto Forno - PE;1;1200,00;9 ;2022
2023-07-01;Fóssil;Petróleo;Gás de Refinaria;7;419530,00;9 ;2022
2023-07-01;Fóssil;Petróleo;Óleo Combustível;47;3002307,28;9 ;2022
2023-07-01;Fóssil;Petróleo;Óleo Diesel;2234;4293944,99;9 ;2022
2023-07-01;Fóssil;Petróleo;Outros Energéticos de Petróleo;16;985108,00;9 ;2022
2023-07-01;Biomassa;Agroindustriais;Bagaço de Cana de Açúcar;420;11839066,20;12;2022
2023-07-01;Biomassa;Agroindustriais;Biogás-AGR;4;31867,00;12;2022
2023-07-01;Biomassa;Agroindustriais;Capim Elefante;2;31700,00;12;2022
2023-07-01;Biomassa;Agroindustriais;Casca de Arroz;13;53333,00;12;2022
2023-07-01;Biomassa;Biocombustíveis líquidos;Etanol;1;320,00;12;2022
2023-07-01;Biomassa;Biocombustíveis líquidos;Óleos vegetais;5;17180,40;12;2022
2023-07-01;Biomassa;Floresta;Biogás - Floresta;1;5000,00;12;2022
2023-07-01;Biomassa;Floresta;Carvão Vegetal;7;38197,00;12;2022
2023-07-01;Biomassa;Floresta;Gás de Alto Forno - Biomassa;12;127705,05;12;2022
2023-07-01;Biomassa;Floresta;Lenha;11;165075,00;12;2022
2023-07-01;Biomassa;Floresta;Licor Negro;21;3275886,00;12;2022
2023-07-01;Biomassa;Floresta;Resíduos Florestais;72;713990,00;12;2022
2023-07-01;Biomassa;Resíduos animais;Biogás - RA;17;6023,20;12;2022
2023-07-01;Biomassa;Resíduos sólidos urbanos;Biogás - RU;26;193133,60;12;2022
2023-07-01;Biomassa;Resíduos sólidos urbanos;Carvão - RU;3;8250,00;12;2022
2023-07-01;Biomassa;Resíduos sólidos urbanos;Resíduos Sólidos Urbanos - RU;8;24413,00;12;2022
2023-07-01;Fóssil;Carvão mineral;Calor de Processo - CM;2;28400,00;12;2022
2023-07-01;Fóssil;Carvão mineral;Carvão Mineral;13;3202740,00;12;2022
2023-07-01;Fóssil;Carvão mineral;Gás de Alto Forno - CM;7;351690,00;12;2022
2023-07-01;Fóssil;Gás natural;Calor de Processo - GN;2;405320,00;12;2022
2023-07-01;Fóssil;Gás natural;Gás Natural;180;17041741,39;12;2022
2023-07-01;Fóssil;Outros Fósseis;Calor de Processo - OF;4;165970,00;12;2022
2023-07-01;Fóssil;Petróleo;Gás de Alto Forno - PE;1;1200,00;12;2022
2023-07-01;Fóssil;Petróleo;Gás de Refinaria;7;419530,00;12;2022
2023-07-01;Fóssil;Petróleo;Óleo Combustível;47;3097307,28;12;2022
2023-07-01;Fóssil;Petróleo;Óleo Diesel;2131;3977346,69;12;2022
2023-07-01;Fóssil;Petróleo;Outros Energéticos de Petróleo;16;985108,00;12;2022
2023-07-01;Biomassa;Agroindustriais;Bagaço de Cana de Açúcar;421;11832066,20;3 ;2023
2023-07-01;Biomassa;Agroindustriais;Biogás-AGR;5;32615,80;3 ;2023
2023-07-01;Biomassa;Agroindustriais;Capim Elefante;2;31700,00;3 ;2023
2023-07-01;Biomassa;Agroindustriais;Casca de Arroz;13;53333,00;3 ;2023
2023-07-01;Biomassa;Biocombustíveis líquidos;Etanol;1;320,00;3 ;2023
2023-07-01;Biomassa;Biocombustíveis líquidos;Óleos vegetais;5;17180,40;3 ;2023
2023-07-01;Biomassa;Floresta;Biogás - Floresta;1;5000,00;3 ;2023
2023-07-01;Biomassa;Floresta;Carvão Vegetal;6;30197,00;3 ;2023
2023-07-01;Biomassa;Floresta;Gás de Alto Forno - Biomassa;11;120765,05;3 ;2023
2023-07-01;Biomassa;Floresta;Lenha;12;167827,80;3 ;2023
2023-07-01;Biomassa;Floresta;Licor Negro;21;3275886,00;3 ;2023
2023-07-01;Biomassa;Floresta;Resíduos Florestais;72;713990,00;3 ;2023
2023-07-01;Biomassa;Resíduos animais;Biogás - RA;18;6943,20;3 ;2023
2023-07-01;Biomassa;Resíduos sólidos urbanos;Biogás - RU;26;193133,60;3 ;2023
2023-07-01;Biomassa;Resíduos sólidos urbanos;Carvão - RU;3;8250,00;3 ;2023
2023-07-01;Biomassa;Resíduos sólidos urbanos;Resíduos Sólidos Urbanos - RU;8;24413,00;3 ;2023
2023-07-01;Fóssil;Carvão mineral;Calor de Processo - CM;2;28400,00;3 ;2023
2023-07-01;Fóssil;Carvão mineral;Carvão Mineral;13;3085740,00;3 ;2023
2023-07-01;Fóssil;Carvão mineral;Gás de Alto Forno - CM;7;351690,00;3 ;2023
2023-07-01;Fóssil;Gás natural;Calor de Processo - GN;2;405320,00;3 ;2023
2023-07-01;Fóssil;Gás natural;Gás Natural;178;17051465,39;3 ;2023
2023-07-01;Fóssil;Outros Fósseis;Calor de Processo - OF;4;165970,00;3 ;2023
2023-07-01;Fóssil;Petróleo;Gás de Alto Forno - PE;1;1200,00;3 ;2023
2023-07-01;Fóssil;Petróleo;Gás de Refinaria;7;419530,00;3 ;2023
2023-07-01;Fóssil;Petróleo;Óleo Combustível;44;3097177,28;3 ;2023
2023-07-01;Fóssil;Petróleo;Óleo Diesel;2116;3951795,69;3 ;2023
2023-07-01;Fóssil;Petróleo;Outros Energéticos de Petróleo;16;985108,00;3 ;2023
2023-07-01;Biomassa;Agroindustriais;Bagaço de Cana de Açúcar;422;11887066,20;5 ;2023
2023-07-01;Biomassa;Agroindustriais;Biogás-AGR;5;32615,80;5 ;2023
2023-07-01;Biomassa;Agroindustriais;Capim Elefante;2;31700,00;5 ;2023
2023-07-01;Biomassa;Agroindustriais;Casca de Arroz;13;53333,00;5 ;2023
2023-07-01;Biomassa;Biocombustíveis líquidos;Etanol;1;320,00;5 ;2023
2023-07-01;Biomassa;Biocombustíveis líquidos;Óleos vegetais;5;17180,40;5 ;2023
2023-07-01;Biomassa;Floresta;Biogás - Floresta;1;5000,00;5 ;2023
2023-07-01;Biomassa;Floresta;Carvão Vegetal;6;30197,00;5 ;2023
2023-07-01;Biomassa;Floresta;Gás de Alto Forno - Biomassa;12;124265,05;5 ;2023
2023-07-01;Biomassa;Floresta;Lenha;12;167827,80;5 ;2023
2023-07-01;Biomassa;Floresta;Licor Negro;21;3275886,00;5 ;2023
2023-07-01;Biomassa;Floresta;Resíduos Florestais;72;713990,00;5 ;2023
2023-07-01;Biomassa;Resíduos animais;Biogás - RA;18;6943,20;5 ;2023
2023-07-01;Biomassa;Resíduos sólidos urbanos;Biogás - RU;26;193133,60;5 ;2023
2023-07-01;Biomassa;Resíduos sólidos urbanos;Carvão - RU;3;8250,00;5 ;2023
2023-07-01;Biomassa;Resíduos sólidos urbanos;Resíduos Sólidos Urbanos - RU;8;24413,00;5 ;2023
2023-07-01;Fóssil;Carvão mineral;Calor de Processo - CM;2;28400,00;5 ;2023
2023-07-01;Fóssil;Carvão mineral;Carvão Mineral;13;3085740,00;5 ;2023
2023-07-01;Fóssil;Carvão mineral;Gás de Alto Forno - CM;7;351690,00;5 ;2023
2023-07-01;Fóssil;Gás natural;Calor de Processo - GN;2;425747,00;5 ;2023
2023-07-01;Fóssil;Gás natural;Gás Natural;181;17154251,39;5 ;2023
2023-07-01;Fóssil;Outros Fósseis;Calor de Processo - OF;4;165970,00;5 ;2023
2023-07-01;Fóssil;Petróleo;Gás de Alto Forno - PE;1;1200,00;5 ;2023
2023-07-01;Fóssil;Petróleo;Gás de Refinaria;7;419530,00;5 ;2023
2023-07-01;Fóssil;Petróleo;Óleo Combustível;44;3097177,28;5 ;2023
2023-07-01;Fóssil;Petróleo;Óleo Diesel;2123;3997556,29;5 ;2023
2023-07-01;Fóssil;Petróleo;Outros Energéticos de Petróleo;16;985108,00;5 ;2023
